SITE_ID,dataset,start_year,end_year,path,dup,IGBP,LOCATION_ELEV,LOCATION_LAT,LOCATION_LONG,SITE_NAME,koppen_sub,koppen_main,koppen_name,koppen_main_name,C3/C4,C4_percent
AR-SLu,FLUXNET,2009,2011,/Users/yanghuikang/Documents/Work/Research/Data/Flux_data/OneFlux/raw/FLUXNET2015/FLX_AR-SLu_FLUXNET2015_FULLSET_MM_2009-2011_1-4.csv,False,MF,,-33.4648,-66.4598,San Luis,7,2,BSk,Arid,C3,67.08
AR-Vir,FLUXNET,2009,2012,/Users/yanghuikang/Documents/Work/Research/Data/Flux_data/OneFlux/raw/FLUXNET2015/FLX_AR-Vir_FLUXNET2015_FULLSET_MM_2009-2012_1-4.csv,False,ENF,,-28.2395,-56.1886,Virasoro,14,3,Cfa,Temperate,C3,8.75
AT-Neu,FLUXNET,2002,2012,/Users/yanghuikang/Documents/Work/Research/Data/Flux_data/OneFlux/raw/FLUXNET2015/FLX_AT-Neu_FLUXNET2015_FULLSET_MM_2002-2012_1-4.csv,False,GRA,970.0,47.11667,11.3175,Neustift,26,4,Dfb,Cold,C3,0.0
AU-ASM,FLUXNET,2010,2014,/Users/yanghuikang/Documents/Work/Research/Data/Flux_data/OneFlux/raw/FLUXNET2015/FLX_AU-ASM_FLUXNET2015_FULLSET_MM_2010-2014_2-4.csv,False,SAV,,-22.283,133.249,Alice Springs,4,2,BWh,Arid,C3,100.0
AU-Ade,FLUXNET,2007,2009,/Users/yanghuikang/Documents/Work/Research/Data/Flux_data/OneFlux/raw/FLUXNET2015/FLX_AU-Ade_FLUXNET2015_FULLSET_MM_2007-2009_1-4.csv,False,WSA,,-13.0769,131.1178,Adelaide River,3,1,Aw,Tropical,C3,79.57
AU-Cpr,FLUXNET,2010,2014,/Users/yanghuikang/Documents/Work/Research/Data/Flux_data/OneFlux/raw/FLUXNET2015/FLX_AU-Cpr_FLUXNET2015_FULLSET_MM_2010-2014_2-4.csv,False,SAV,,-34.0021,140.5891,Calperum,5,2,BWk,Arid,C3,8.91
AU-Cum,FLUXNET,2012,2014,/Users/yanghuikang/Documents/Work/Research/Data/Flux_data/OneFlux/raw/FLUXNET2015/FLX_AU-Cum_FLUXNET2015_FULLSET_MM_2012-2014_2-4.csv,False,EBF,,-33.61518,150.72362,Cumberland Plain,14,3,Cfa,Temperate,C3,40.82
AU-DaP,FLUXNET,2007,2013,/Users/yanghuikang/Documents/Work/Research/Data/Flux_data/OneFlux/raw/FLUXNET2015/FLX_AU-DaP_FLUXNET2015_FULLSET_MM_2007-2013_2-4.csv,False,GRA,,-14.0633,131.3181,Daly River Savanna,3,1,Aw,Tropical,C3,97.83
AU-DaS,FLUXNET,2008,2014,/Users/yanghuikang/Documents/Work/Research/Data/Flux_data/OneFlux/raw/FLUXNET2015/FLX_AU-DaS_FLUXNET2015_FULLSET_MM_2008-2014_2-4.csv,False,SAV,,-14.1593,131.3881,Daly River Cleared,3,1,Aw,Tropical,C3,97.83
AU-Dry,FLUXNET,2008,2014,/Users/yanghuikang/Documents/Work/Research/Data/Flux_data/OneFlux/raw/FLUXNET2015/FLX_AU-Dry_FLUXNET2015_FULLSET_MM_2008-2014_2-4.csv,False,SAV,,-15.2588,132.3706,Dry River,3,1,Aw,Tropical,C3,100.0
AU-Emr,FLUXNET,2011,2013,/Users/yanghuikang/Documents/Work/Research/Data/Flux_data/OneFlux/raw/FLUXNET2015/FLX_AU-Emr_FLUXNET2015_FULLSET_MM_2011-2013_1-4.csv,False,GRA,,-23.8587,148.4746,Emerald,6,2,BSh,Arid,mix,35.64
AU-Fog,FLUXNET,2006,2008,/Users/yanghuikang/Documents/Work/Research/Data/Flux_data/OneFlux/raw/FLUXNET2015/FLX_AU-Fog_FLUXNET2015_FULLSET_MM_2006-2008_1-4.csv,False,WET,,-12.5452,131.3072,Fogg Dam,3,1,Aw,Tropical,C3,0.0
AU-GWW,FLUXNET,2013,2014,/Users/yanghuikang/Documents/Work/Research/Data/Flux_data/OneFlux/raw/FLUXNET2015/FLX_AU-GWW_FLUXNET2015_FULLSET_MM_2013-2014_1-4.csv,False,SAV,,-30.1913,120.6541,"Great Western Woodlands, Western Australia, Australia",4,2,BWh,Arid,C3,0.0
AU-Gin,FLUXNET,2011,2014,/Users/yanghuikang/Documents/Work/Research/Data/Flux_data/OneFlux/raw/FLUXNET2015/FLX_AU-Gin_FLUXNET2015_FULLSET_MM_2011-2014_1-4.csv,False,WSA,,-31.3764,115.7138,Gingin,8,3,Csa,Temperate,C3,0.0
AU-How,FLUXNET,2001,2014,/Users/yanghuikang/Documents/Work/Research/Data/Flux_data/OneFlux/raw/FLUXNET2015/FLX_AU-How_FLUXNET2015_FULLSET_MM_2001-2014_1-4.csv,False,WSA,,-12.4943,131.1523,Howard Springs,3,1,Aw,Tropical,C3,0.0
AU-Lox,FLUXNET,2008,2009,/Users/yanghuikang/Documents/Work/Research/Data/Flux_data/OneFlux/raw/FLUXNET2015/FLX_AU-Lox_FLUXNET2015_FULLSET_MM_2008-2009_1-4.csv,False,DBF,,-34.4704,140.6551,Loxton,5,2,BWk,Arid,C3,8.91
AU-RDF,FLUXNET,2011,2013,/Users/yanghuikang/Documents/Work/Research/Data/Flux_data/OneFlux/raw/FLUXNET2015/FLX_AU-RDF_FLUXNET2015_FULLSET_MM_2011-2013_1-4.csv,False,WSA,,-14.5636,132.4776,"Red Dirt Melon Farm, Northern Territory",3,1,Aw,Tropical,C3,92.21
AU-Rig,FLUXNET,2011,2014,/Users/yanghuikang/Documents/Work/Research/Data/Flux_data/OneFlux/raw/FLUXNET2015/FLX_AU-Rig_FLUXNET2015_FULLSET_MM_2011-2014_2-4.csv,False,GRA,,-36.6499,145.5759,Riggs Creek,14,3,Cfa,Temperate,C3,1.91
AU-Rob,FLUXNET,2014,2014,/Users/yanghuikang/Documents/Work/Research/Data/Flux_data/OneFlux/raw/FLUXNET2015/FLX_AU-Rob_FLUXNET2015_FULLSET_MM_2014-2014_1-4.csv,False,EBF,,-17.1175,145.6301,"Robson Creek, Queensland, Australia",11,3,Cwa,Temperate,C3,96.32
AU-Stp,FLUXNET,2008,2014,/Users/yanghuikang/Documents/Work/Research/Data/Flux_data/OneFlux/raw/FLUXNET2015/FLX_AU-Stp_FLUXNET2015_FULLSET_MM_2008-2014_1-4.csv,False,GRA,,-17.1507,133.3502,Sturt Plains,6,2,BSh,Arid,C4,98.51
AU-TTE,FLUXNET,2012,2014,/Users/yanghuikang/Documents/Work/Research/Data/Flux_data/OneFlux/raw/FLUXNET2015/FLX_AU-TTE_FLUXNET2015_FULLSET_MM_2012-2014_1-4.csv,False,GRA,,-22.287,133.64,Ti Tree East,4,2,BWh,Arid,C4,100.0
AU-Tum,FLUXNET,2001,2014,/Users/yanghuikang/Documents/Work/Research/Data/Flux_data/OneFlux/raw/FLUXNET2015/FLX_AU-Tum_FLUXNET2015_FULLSET_MM_2001-2014_2-4.csv,False,EBF,1200.0,-35.6566,148.1517,Tumbarumba,15,3,Cfb,Temperate,C3,0.01
AU-Wac,FLUXNET,2005,2008,/Users/yanghuikang/Documents/Work/Research/Data/Flux_data/OneFlux/raw/FLUXNET2015/FLX_AU-Wac_FLUXNET2015_FULLSET_MM_2005-2008_1-4.csv,False,EBF,,-37.4259,145.1878,Wallaby Creek,15,3,Cfb,Temperate,C3,0.17
AU-Whr,FLUXNET,2011,2014,/Users/yanghuikang/Documents/Work/Research/Data/Flux_data/OneFlux/raw/FLUXNET2015/FLX_AU-Whr_FLUXNET2015_FULLSET_MM_2011-2014_2-4.csv,False,EBF,,-36.6732,145.0294,Whroo,7,2,BSk,Arid,C3,1.91
AU-Wom,FLUXNET,2010,2014,/Users/yanghuikang/Documents/Work/Research/Data/Flux_data/OneFlux/raw/FLUXNET2015/FLX_AU-Wom_FLUXNET2015_FULLSET_MM_2010-2014_1-4.csv,False,EBF,705.0,-37.4222,144.0944,Wombat,15,3,Cfb,Temperate,C3,1.05
AU-Ync,FLUXNET,2012,2014,/Users/yanghuikang/Documents/Work/Research/Data/Flux_data/OneFlux/raw/FLUXNET2015/FLX_AU-Ync_FLUXNET2015_FULLSET_MM_2012-2014_1-4.csv,False,GRA,,-34.9893,146.2907,Jaxa,7,2,BSk,Arid,mix,14.47
BR-Sa1,FLUXNET,2002,2011,/Users/yanghuikang/Documents/Work/Research/Data/Flux_data/OneFlux/raw/FLUXNET2015/FLX_BR-Sa1_FLUXNET2015_FULLSET_MM_2002-2011_1-4.csv,False,EBF,88.0,-2.85667,-54.95889,Santarem-Km67-Primary Forest,2,1,Am,Tropical,C3,22.61
BR-Sa3,FLUXNET,2000,2004,/Users/yanghuikang/Documents/Work/Research/Data/Flux_data/OneFlux/raw/FLUXNET2015/FLX_BR-Sa3_FLUXNET2015_FULLSET_MM_2000-2004_1-4.csv,False,EBF,100.0,-3.01803,-54.97144,Santarem-Km83-Logged Forest,2,1,Am,Tropical,C3,0.0
CA-Man,FLUXNET,1994,2008,/Users/yanghuikang/Documents/Work/Research/Data/Flux_data/OneFlux/raw/FLUXNET2015/FLX_CA-Man_FLUXNET2015_FULLSET_MM_1994-2008_1-4.csv,False,ENF,259.0,55.87962,-98.48081,Manitoba - Northern Old Black Spruce (former BOREAS Northern Study Area),27,4,Dfc,Cold,C3,0.0
CA-NS4,FLUXNET,2002,2005,/Users/yanghuikang/Documents/Work/Research/Data/Flux_data/OneFlux/raw/FLUXNET2015/FLX_CA-NS4_FLUXNET2015_FULLSET_MM_2002-2005_1-4.csv,False,ENF,260.0,55.91437,-98.380645,UCI-1964 burn site wet,27,4,Dfc,Cold,C3,0.0
CA-NS7,FLUXNET,2002,2005,/Users/yanghuikang/Documents/Work/Research/Data/Flux_data/OneFlux/raw/FLUXNET2015/FLX_CA-NS7_FLUXNET2015_FULLSET_MM_2002-2005_1-4.csv,False,OSH,297.0,56.63583,-99.94833,UCI-1998 burn site,27,4,Dfc,Cold,C3,0.0
CA-Oas,FLUXNET,1996,2010,/Users/yanghuikang/Documents/Work/Research/Data/Flux_data/OneFlux/raw/FLUXNET2015/FLX_CA-Oas_FLUXNET2015_FULLSET_MM_1996-2010_1-4.csv,False,DBF,530.0,53.62889,-106.19779,"Saskatchewan - Western Boreal, Mature Aspen",27,4,Dfc,Cold,C3,0.57
CA-Obs,FLUXNET,1997,2010,/Users/yanghuikang/Documents/Work/Research/Data/Flux_data/OneFlux/raw/FLUXNET2015/FLX_CA-Obs_FLUXNET2015_FULLSET_MM_1997-2010_1-4.csv,False,ENF,628.94,53.98717,-105.11779,"Saskatchewan - Western Boreal, Mature Black Spruce",27,4,Dfc,Cold,C3,0.91
CA-SF1,FLUXNET,2003,2006,/Users/yanghuikang/Documents/Work/Research/Data/Flux_data/OneFlux/raw/FLUXNET2015/FLX_CA-SF1_FLUXNET2015_FULLSET_MM_2003-2006_1-4.csv,False,ENF,536.0,54.48503,-105.81757,"Saskatchewan - Western Boreal, forest burned in 1977",27,4,Dfc,Cold,C3,0.07
CA-SF3,FLUXNET,2001,2006,/Users/yanghuikang/Documents/Work/Research/Data/Flux_data/OneFlux/raw/FLUXNET2015/FLX_CA-SF3_FLUXNET2015_FULLSET_MM_2001-2006_1-4.csv,False,OSH,540.0,54.09156,-106.00526,"Saskatchewan - Western Boreal, forest burned in 1998",27,4,Dfc,Cold,C3,0.0
CA-TP1,FLUXNET,2002,2014,/Users/yanghuikang/Documents/Work/Research/Data/Flux_data/OneFlux/raw/FLUXNET2015/FLX_CA-TP1_FLUXNET2015_FULLSET_MM_2002-2014_2-4.csv,False,ENF,265.0,42.66093611,-80.55951944,Ontario - Turkey Point 2002 Plantation White Pine,26,4,Dfb,Cold,C3,0.0
CA-TP2,FLUXNET,2002,2007,/Users/yanghuikang/Documents/Work/Research/Data/Flux_data/OneFlux/raw/FLUXNET2015/FLX_CA-TP2_FLUXNET2015_FULLSET_MM_2002-2007_1-4.csv,False,ENF,212.0,42.77441944,-80.458775,Ontario - Turkey Point 1989 Plantation White Pine,26,4,Dfb,Cold,C3,0.0
CA-TP3,FLUXNET,2002,2014,/Users/yanghuikang/Documents/Work/Research/Data/Flux_data/OneFlux/raw/FLUXNET2015/FLX_CA-TP3_FLUXNET2015_FULLSET_MM_2002-2014_1-4.csv,False,ENF,184.0,42.70681111,-80.34831389,Ontario - Turkey Point 1974 Plantation White Pine,26,4,Dfb,Cold,C3,0.0
CA-TPD,FLUXNET,2012,2014,/Users/yanghuikang/Documents/Work/Research/Data/Flux_data/OneFlux/raw/FLUXNET2015/FLX_CA-TPD_FLUXNET2015_FULLSET_MM_2012-2014_1-4.csv,False,DBF,260.0,42.635328,-80.557731,Ontario - Turkey Point Mature Deciduous,26,4,Dfb,Cold,C3,0.0
CG-Tch,FLUXNET,2006,2009,/Users/yanghuikang/Documents/Work/Research/Data/Flux_data/OneFlux/raw/FLUXNET2015/FLX_CG-Tch_FLUXNET2015_FULLSET_MM_2006-2009_1-4.csv,False,SAV,82.0,-4.28917,11.65642,Tchizalamou,3,1,Aw,Tropical,C3,0.0
CH-Oe1,FLUXNET,2002,2008,/Users/yanghuikang/Documents/Work/Research/Data/Flux_data/OneFlux/raw/FLUXNET2015/FLX_CH-Oe1_FLUXNET2015_FULLSET_MM_2002-2008_2-4.csv,False,GRA,450.0,47.28583,7.73194,Oensingen grassland,26,4,Dfb,Cold,C3,0.11
CN-Cha,FLUXNET,2003,2005,/Users/yanghuikang/Documents/Work/Research/Data/Flux_data/OneFlux/raw/FLUXNET2015/FLX_CN-Cha_FLUXNET2015_FULLSET_MM_2003-2005_1-4.csv,False,MF,,42.4025,128.0958,Changbaishan,22,4,Dwb,Cold,C3,12.17
CN-Cng,FLUXNET,2007,2010,/Users/yanghuikang/Documents/Work/Research/Data/Flux_data/OneFlux/raw/FLUXNET2015/FLX_CN-Cng_FLUXNET2015_FULLSET_MM_2007-2010_1-4.csv,False,GRA,,44.5934,123.5092,Changling,21,4,Dwa,Cold,C3,53.07
CN-Dan,FLUXNET,2004,2005,/Users/yanghuikang/Documents/Work/Research/Data/Flux_data/OneFlux/raw/FLUXNET2015/FLX_CN-Dan_FLUXNET2015_FULLSET_MM_2004-2005_1-4.csv,False,GRA,,30.4978,91.0664,Dangxiong,7,2,BSk,Arid,C3,0.0
CN-Din,FLUXNET,2003,2005,/Users/yanghuikang/Documents/Work/Research/Data/Flux_data/OneFlux/raw/FLUXNET2015/FLX_CN-Din_FLUXNET2015_FULLSET_MM_2003-2005_1-4.csv,False,EBF,,23.1733,112.5361,Dinghushan,11,3,Cwa,Temperate,C3,8.72
CN-Du2,FLUXNET,2006,2008,/Users/yanghuikang/Documents/Work/Research/Data/Flux_data/OneFlux/raw/FLUXNET2015/FLX_CN-Du2_FLUXNET2015_FULLSET_MM_2006-2008_1-4.csv,False,GRA,,42.0467,116.2836,Duolun_grassland (D01),22,4,Dwb,Cold,C3,8.45
CN-Du3,FLUXNET,2009,2010,/Users/yanghuikang/Documents/Work/Research/Data/Flux_data/OneFlux/raw/FLUXNET2015/FLX_CN-Du3_FLUXNET2015_FULLSET_MM_2009-2010_1-4.csv,False,GRA,,42.0551,116.2809,Duolun Degraded Meadow,22,4,Dwb,Cold,C3,8.45
CN-Ha2,FLUXNET,2003,2005,/Users/yanghuikang/Documents/Work/Research/Data/Flux_data/OneFlux/raw/FLUXNET2015/FLX_CN-Ha2_FLUXNET2015_FULLSET_MM_2003-2005_1-4.csv,False,WET,,37.6086,101.3269,Haibei Shrubland,23,4,Dwc,Cold,C3,1.07
CN-HaM,FLUXNET,2002,2004,/Users/yanghuikang/Documents/Work/Research/Data/Flux_data/OneFlux/raw/FLUXNET2015/FLX_CN-HaM_FLUXNET2015_FULLSET_MM_2002-2004_1-4.csv,False,GRA,,37.37,101.18,Haibei Alpine Tibet site,29,5,ET,Polar,C3,1.07
CN-Qia,FLUXNET,2003,2005,/Users/yanghuikang/Documents/Work/Research/Data/Flux_data/OneFlux/raw/FLUXNET2015/FLX_CN-Qia_FLUXNET2015_FULLSET_MM_2003-2005_1-4.csv,False,ENF,,26.7414,115.0581,Qianyanzhou,14,3,Cfa,Temperate,C3,19.55
CN-Sw2,FLUXNET,2010,2012,/Users/yanghuikang/Documents/Work/Research/Data/Flux_data/OneFlux/raw/FLUXNET2015/FLX_CN-Sw2_FLUXNET2015_FULLSET_MM_2010-2012_1-4.csv,False,GRA,,41.7902,111.8971,Siziwang Grazed (SZWG),7,2,BSk,Arid,mix,0.34
CZ-BK2,FLUXNET,2004,2012,/Users/yanghuikang/Documents/Work/Research/Data/Flux_data/OneFlux/raw/FLUXNET2015/FLX_CZ-BK2_FLUXNET2015_FULLSET_MM_2004-2012_2-4.csv,False,GRA,855.0,49.49443,18.54285,Bily Kriz grassland,26,4,Dfb,Cold,C3,0.0
DE-Lkb,FLUXNET,2009,2013,/Users/yanghuikang/Documents/Work/Research/Data/Flux_data/OneFlux/raw/FLUXNET2015/FLX_DE-Lkb_FLUXNET2015_FULLSET_MM_2009-2013_1-4.csv,False,ENF,1308.0,49.09962,13.30467,Lackenberg,27,4,Dfc,Cold,C3,0.0
DE-Lnf,FLUXNET,2002,2012,/Users/yanghuikang/Documents/Work/Research/Data/Flux_data/OneFlux/raw/FLUXNET2015/FLX_DE-Lnf_FLUXNET2015_FULLSET_MM_2002-2012_1-4.csv,False,DBF,451.0,51.32822,10.3678,Leinefelde,26,4,Dfb,Cold,C3,0.0
DE-Seh,FLUXNET,2007,2010,/Users/yanghuikang/Documents/Work/Research/Data/Flux_data/OneFlux/raw/FLUXNET2015/FLX_DE-Seh_FLUXNET2015_FULLSET_MM_2007-2010_1-4.csv,False,CRO,103.0,50.87062,6.44965,Selhausen,15,3,Cfb,Temperate,C3,0.0
DE-SfN,FLUXNET,2012,2014,/Users/yanghuikang/Documents/Work/Research/Data/Flux_data/OneFlux/raw/FLUXNET2015/FLX_DE-SfN_FLUXNET2015_FULLSET_MM_2012-2014_1-4.csv,False,WET,590.0,47.80639,11.3275,Schechenfilz Nord,26,4,Dfb,Cold,C3,0.0
DE-Spw,FLUXNET,2010,2014,/Users/yanghuikang/Documents/Work/Research/Data/Flux_data/OneFlux/raw/FLUXNET2015/FLX_DE-Spw_FLUXNET2015_FULLSET_MM_2010-2014_1-4.csv,False,WET,61.0,51.89225,14.03369,Spreewald,26,4,Dfb,Cold,C3,0.0
DE-Zrk,FLUXNET,2013,2014,/Users/yanghuikang/Documents/Work/Research/Data/Flux_data/OneFlux/raw/FLUXNET2015/FLX_DE-Zrk_FLUXNET2015_FULLSET_MM_2013-2014_2-4.csv,False,WET,0.0,53.87594,12.88901,Zarnekow,26,4,Dfb,Cold,C3,0.0
DK-Eng,FLUXNET,2005,2008,/Users/yanghuikang/Documents/Work/Research/Data/Flux_data/OneFlux/raw/FLUXNET2015/FLX_DK-Eng_FLUXNET2015_FULLSET_MM_2005-2008_1-4.csv,False,GRA,10.0,55.69053,12.19175,Enghave,26,4,Dfb,Cold,C3,0.0
DK-Fou,FLUXNET,2005,2005,/Users/yanghuikang/Documents/Work/Research/Data/Flux_data/OneFlux/raw/FLUXNET2015/FLX_DK-Fou_FLUXNET2015_FULLSET_MM_2005-2005_1-4.csv,False,CRO,51.0,56.4842,9.58722,Foulum,26,4,Dfb,Cold,C3,0.0
ES-Amo,FLUXNET,2007,2012,/Users/yanghuikang/Documents/Work/Research/Data/Flux_data/OneFlux/raw/FLUXNET2015/FLX_ES-Amo_FLUXNET2015_FULLSET_MM_2007-2012_1-4.csv,False,OSH,58.0,36.83361,-2.25232,Amoladeras,5,2,BWk,Arid,C3,0.0
ES-LgS,FLUXNET,2007,2009,/Users/yanghuikang/Documents/Work/Research/Data/Flux_data/OneFlux/raw/FLUXNET2015/FLX_ES-LgS_FLUXNET2015_FULLSET_MM_2007-2009_1-4.csv,False,OSH,2267.0,37.09794,-2.96583,Laguna Seca,18,4,Dsb,Cold,C3,1.28
ES-Ln2,FLUXNET,2009,2009,/Users/yanghuikang/Documents/Work/Research/Data/Flux_data/OneFlux/raw/FLUXNET2015/FLX_ES-Ln2_FLUXNET2015_FULLSET_MM_2009-2009_1-4.csv,False,OSH,2249.0,36.9695,-3.47582,Lanjaron-Salvage logging,18,4,Dsb,Cold,C3,0.0
FI-Jok,FLUXNET,2000,2003,/Users/yanghuikang/Documents/Work/Research/Data/Flux_data/OneFlux/raw/FLUXNET2015/FLX_FI-Jok_FLUXNET2015_FULLSET_MM_2000-2003_1-4.csv,False,CRO,109.0,60.8986,23.51345,Jokioinen,27,4,Dfc,Cold,C3,0.0
FI-Lom,FLUXNET,2007,2009,/Users/yanghuikang/Documents/Work/Research/Data/Flux_data/OneFlux/raw/FLUXNET2015/FLX_FI-Lom_FLUXNET2015_FULLSET_MM_2007-2009_1-4.csv,False,WET,274.0,67.99724,24.20918,Lompolojankka,27,4,Dfc,Cold,C3,0.0
FI-Sod,FLUXNET,2001,2014,/Users/yanghuikang/Documents/Work/Research/Data/Flux_data/OneFlux/raw/FLUXNET2015/FLX_FI-Sod_FLUXNET2015_FULLSET_MM_2001-2014_1-4.csv,False,ENF,180.0,67.36239,26.63859,Sodankyla,27,4,Dfc,Cold,C3,0.0
FR-LBr,FLUXNET,1996,2008,/Users/yanghuikang/Documents/Work/Research/Data/Flux_data/OneFlux/raw/FLUXNET2015/FLX_FR-LBr_FLUXNET2015_FULLSET_MM_1996-2008_1-4.csv,False,ENF,61.0,44.71711,-0.7693,Le Bray,15,3,Cfb,Temperate,C3,0.0
FR-Pue,FLUXNET,2000,2014,/Users/yanghuikang/Documents/Work/Research/Data/Flux_data/OneFlux/raw/FLUXNET2015/FLX_FR-Pue_FLUXNET2015_FULLSET_MM_2000-2014_2-4.csv,False,EBF,270.0,43.7413,3.5957,Puechabon,8,3,Csa,Temperate,C3,6.59
GH-Ank,FLUXNET,2011,2014,/Users/yanghuikang/Documents/Work/Research/Data/Flux_data/OneFlux/raw/FLUXNET2015/FLX_GH-Ank_FLUXNET2015_FULLSET_MM_2011-2014_1-4.csv,False,EBF,124.0,5.26854,-2.69421,Ankasa,2,1,Am,Tropical,C3,53.64
GL-NuF,FLUXNET,2008,2014,/Users/yanghuikang/Documents/Work/Research/Data/Flux_data/OneFlux/raw/FLUXNET2015/FLX_GL-NuF_FLUXNET2015_FULLSET_MM_2008-2014_1-4.csv,False,WET,50.0,64.13083,-51.38611,Nuuk Fen,29,5,ET,Polar,C3,0.0
GL-ZaF,FLUXNET,2008,2011,/Users/yanghuikang/Documents/Work/Research/Data/Flux_data/OneFlux/raw/FLUXNET2015/FLX_GL-ZaF_FLUXNET2015_FULLSET_MM_2008-2011_2-4.csv,False,WET,38.0,74.48143,-20.55452,Zackenberg Fen,29,5,ET,Polar,C3,0.0
GL-ZaH,FLUXNET,2000,2014,/Users/yanghuikang/Documents/Work/Research/Data/Flux_data/OneFlux/raw/FLUXNET2015/FLX_GL-ZaH_FLUXNET2015_FULLSET_MM_2000-2014_2-4.csv,False,GRA,38.0,74.47328,-20.5503,Zackenberg Heath,29,5,ET,Polar,C3,0.0
IT-CA1,FLUXNET,2011,2014,/Users/yanghuikang/Documents/Work/Research/Data/Flux_data/OneFlux/raw/FLUXNET2015/FLX_IT-CA1_FLUXNET2015_FULLSET_MM_2011-2014_2-4.csv,False,DBF,200.0,42.38041,12.02656,Castel d'Asso1,8,3,Csa,Temperate,C3,0.16
IT-CA2,FLUXNET,2011,2014,/Users/yanghuikang/Documents/Work/Research/Data/Flux_data/OneFlux/raw/FLUXNET2015/FLX_IT-CA2_FLUXNET2015_FULLSET_MM_2011-2014_2-4.csv,False,CRO,200.0,42.37722,12.02604,Castel d'Asso2,8,3,Csa,Temperate,C3,0.16
IT-CA3,FLUXNET,2011,2014,/Users/yanghuikang/Documents/Work/Research/Data/Flux_data/OneFlux/raw/FLUXNET2015/FLX_IT-CA3_FLUXNET2015_FULLSET_MM_2011-2014_2-4.csv,False,DBF,197.0,42.38,12.0222,Castel d'Asso3,8,3,Csa,Temperate,C3,0.16
IT-Col,FLUXNET,1996,2014,/Users/yanghuikang/Documents/Work/Research/Data/Flux_data/OneFlux/raw/FLUXNET2015/FLX_IT-Col_FLUXNET2015_FULLSET_MM_1996-2014_1-4.csv,False,DBF,1560.0,41.84936,13.58814,Collelongo,26,4,Dfb,Cold,C3,0.81
IT-Cpz,FLUXNET,1997,2009,/Users/yanghuikang/Documents/Work/Research/Data/Flux_data/OneFlux/raw/FLUXNET2015/FLX_IT-Cpz_FLUXNET2015_FULLSET_MM_1997-2009_1-4.csv,False,EBF,68.0,41.70525,12.37611,Castelporziano,8,3,Csa,Temperate,C3,0.0
IT-Isp,FLUXNET,2013,2014,/Users/yanghuikang/Documents/Work/Research/Data/Flux_data/OneFlux/raw/FLUXNET2015/FLX_IT-Isp_FLUXNET2015_FULLSET_MM_2013-2014_1-4.csv,False,DBF,210.0,45.81264,8.63358,Ispra ABC-IS,14,3,Cfa,Temperate,C3,4.47
IT-La2,FLUXNET,2000,2002,/Users/yanghuikang/Documents/Work/Research/Data/Flux_data/OneFlux/raw/FLUXNET2015/FLX_IT-La2_FLUXNET2015_FULLSET_MM_2000-2002_1-4.csv,False,ENF,1350.0,45.9542,11.2853,Lavarone2,26,4,Dfb,Cold,C3,3.57
IT-Noe,FLUXNET,2004,2014,/Users/yanghuikang/Documents/Work/Research/Data/Flux_data/OneFlux/raw/FLUXNET2015/FLX_IT-Noe_FLUXNET2015_FULLSET_MM_2004-2014_2-4.csv,False,CSH,25.0,40.60618,8.15169,Arca di Noe - Le Prigionette,8,3,Csa,Temperate,C3,0.0
IT-PT1,FLUXNET,2002,2004,/Users/yanghuikang/Documents/Work/Research/Data/Flux_data/OneFlux/raw/FLUXNET2015/FLX_IT-PT1_FLUXNET2015_FULLSET_MM_2002-2004_1-4.csv,False,DBF,60.0,45.20087,9.06104,Parco Ticino forest,14,3,Cfa,Temperate,C3,4.47
IT-Ro1,FLUXNET,2000,2008,/Users/yanghuikang/Documents/Work/Research/Data/Flux_data/OneFlux/raw/FLUXNET2015/FLX_IT-Ro1_FLUXNET2015_FULLSET_MM_2000-2008_1-4.csv,False,DBF,235.0,42.40812,11.93001,Roccarespampani 1,8,3,Csa,Temperate,C3,0.0
IT-Ro2,FLUXNET,2002,2012,/Users/yanghuikang/Documents/Work/Research/Data/Flux_data/OneFlux/raw/FLUXNET2015/FLX_IT-Ro2_FLUXNET2015_FULLSET_MM_2002-2012_1-4.csv,False,DBF,160.0,42.39026,11.92093,Roccarespampani 2,8,3,Csa,Temperate,C3,0.0
IT-SRo,FLUXNET,1999,2012,/Users/yanghuikang/Documents/Work/Research/Data/Flux_data/OneFlux/raw/FLUXNET2015/FLX_IT-SRo_FLUXNET2015_FULLSET_MM_1999-2012_1-4.csv,False,ENF,6.0,43.72786,10.28444,San Rossore,8,3,Csa,Temperate,C3,0.0
JP-MBF,FLUXNET,2003,2005,/Users/yanghuikang/Documents/Work/Research/Data/Flux_data/OneFlux/raw/FLUXNET2015/FLX_JP-MBF_FLUXNET2015_FULLSET_MM_2003-2005_1-4.csv,False,DBF,,44.3869,142.3186,Moshiri Birch Forest Site,26,4,Dfb,Cold,C3,0.12
JP-SMF,FLUXNET,2002,2006,/Users/yanghuikang/Documents/Work/Research/Data/Flux_data/OneFlux/raw/FLUXNET2015/FLX_JP-SMF_FLUXNET2015_FULLSET_MM_2002-2006_1-4.csv,False,MF,,35.2617,137.0788,Seto Mixed Forest Site,14,3,Cfa,Temperate,C3,0.08
MY-PSO,FLUXNET,2003,2009,/Users/yanghuikang/Documents/Work/Research/Data/Flux_data/OneFlux/raw/FLUXNET2015/FLX_MY-PSO_FLUXNET2015_FULLSET_MM_2003-2009_1-4.csv,False,EBF,,2.973,102.3062,Pasoh Forest Reserve (PSO),1,1,Af,Tropical,C3,0.22
NL-Hor,FLUXNET,2004,2011,/Users/yanghuikang/Documents/Work/Research/Data/Flux_data/OneFlux/raw/FLUXNET2015/FLX_NL-Hor_FLUXNET2015_FULLSET_MM_2004-2011_1-4.csv,False,GRA,2.2,52.24035,5.0713,Horstermeer,15,3,Cfb,Temperate,C3,0.0
PA-SPn,FLUXNET,2007,2009,/Users/yanghuikang/Documents/Work/Research/Data/Flux_data/OneFlux/raw/FLUXNET2015/FLX_PA-SPn_FLUXNET2015_FULLSET_MM_2007-2009_1-4.csv,False,DBF,78.0,9.31814,-79.6346,Sardinilla Plantation,2,1,Am,Tropical,C3,0.0
PA-SPs,FLUXNET,2007,2009,/Users/yanghuikang/Documents/Work/Research/Data/Flux_data/OneFlux/raw/FLUXNET2015/FLX_PA-SPs_FLUXNET2015_FULLSET_MM_2007-2009_1-4.csv,False,GRA,68.0,9.31378,-79.63143,Sardinilla-Pasture,2,1,Am,Tropical,C4,0.0
RU-Che,FLUXNET,2002,2005,/Users/yanghuikang/Documents/Work/Research/Data/Flux_data/OneFlux/raw/FLUXNET2015/FLX_RU-Che_FLUXNET2015_FULLSET_MM_2002-2005_1-4.csv,False,WET,6.0,68.61304,161.34143,Cherski,19,4,Dsc,Cold,C3,0.0
RU-Cok,FLUXNET,2003,2014,/Users/yanghuikang/Documents/Work/Research/Data/Flux_data/OneFlux/raw/FLUXNET2015/FLX_RU-Cok_FLUXNET2015_FULLSET_MM_2003-2014_2-4.csv,False,OSH,48.0,70.82914,147.49428,Chokurdakh,29,5,ET,Polar,C3,0.0
RU-Ha1,FLUXNET,2002,2004,/Users/yanghuikang/Documents/Work/Research/Data/Flux_data/OneFlux/raw/FLUXNET2015/FLX_RU-Ha1_FLUXNET2015_FULLSET_MM_2002-2004_1-4.csv,False,GRA,446.0,54.72517,90.00215,Hakasia steppe,23,4,Dwc,Cold,C3,1.15
SD-Dem,FLUXNET,2005,2009,/Users/yanghuikang/Documents/Work/Research/Data/Flux_data/OneFlux/raw/FLUXNET2015/FLX_SD-Dem_FLUXNET2015_FULLSET_MM_2005-2009_2-4.csv,False,SAV,500.0,13.2829,30.4783,Demokeya,4,2,BWh,Arid,C3,0.0
SJ-Adv,FLUXNET,2011,2014,/Users/yanghuikang/Documents/Work/Research/Data/Flux_data/OneFlux/raw/FLUXNET2015/FLX_SJ-Adv_FLUXNET2015_FULLSET_MM_2011-2014_1-4.csv,False,WET,17.0,78.186,15.923,Adventdalen,29,5,ET,Polar,C3,0.0
SJ-Blv,FLUXNET,2008,2009,/Users/yanghuikang/Documents/Work/Research/Data/Flux_data/OneFlux/raw/FLUXNET2015/FLX_SJ-Blv_FLUXNET2015_FULLSET_MM_2008-2009_1-4.csv,False,SNO,25.0,78.92163,11.83109,"Bayelva, Spitsbergen",29,5,ET,Polar,C3,0.0
SN-Dhr,FLUXNET,2010,2013,/Users/yanghuikang/Documents/Work/Research/Data/Flux_data/OneFlux/raw/FLUXNET2015/FLX_SN-Dhr_FLUXNET2015_FULLSET_MM_2010-2013_1-4.csv,False,SAV,40.0,15.40278,-15.43222,Dahra,6,2,BSh,Arid,C3,0.0
US-Atq,FLUXNET,2003,2008,/Users/yanghuikang/Documents/Work/Research/Data/Flux_data/OneFlux/raw/FLUXNET2015/FLX_US-Atq_FLUXNET2015_FULLSET_MM_2003-2008_1-4.csv,False,WET,15.0,70.4696,-157.4089,Atqasuk,29,5,ET,Polar,C3,0.0
US-Blo,FLUXNET,1997,2007,/Users/yanghuikang/Documents/Work/Research/Data/Flux_data/OneFlux/raw/FLUXNET2015/FLX_US-Blo_FLUXNET2015_FULLSET_MM_1997-2007_1-4.csv,False,ENF,1315.0,38.8953,-120.6328,Blodgett Forest,9,3,Csb,Temperate,C3,0.0
US-Cop,FLUXNET,2001,2007,/Users/yanghuikang/Documents/Work/Research/Data/Flux_data/OneFlux/raw/FLUXNET2015/FLX_US-Cop_FLUXNET2015_FULLSET_MM_2001-2007_1-4.csv,False,GRA,1520.0,38.09,-109.39,Corral Pocket,7,2,BSk,Arid,mix,0.0
US-GBT,FLUXNET,1999,2006,/Users/yanghuikang/Documents/Work/Research/Data/Flux_data/OneFlux/raw/FLUXNET2015/FLX_US-GBT_FLUXNET2015_FULLSET_MM_1999-2006_1-4.csv,False,ENF,3191.0,41.36579,-106.2397,GLEES Brooklyn Tower,27,4,Dfc,Cold,C3,0.16
US-GLE,FLUXNET,2004,2014,/Users/yanghuikang/Documents/Work/Research/Data/Flux_data/OneFlux/raw/FLUXNET2015/FLX_US-GLE_FLUXNET2015_FULLSET_MM_2004-2014_1-4.csv,False,ENF,3197.0,41.36653,-106.2399,GLEES,27,4,Dfc,Cold,C3,0.16
US-Goo,FLUXNET,2002,2006,/Users/yanghuikang/Documents/Work/Research/Data/Flux_data/OneFlux/raw/FLUXNET2015/FLX_US-Goo_FLUXNET2015_FULLSET_MM_2002-2006_1-4.csv,False,GRA,87.0,34.2547,-89.8735,Goodwin Creek,14,3,Cfa,Temperate,unknown,1.59
US-Ha1,FLUXNET,1991,2012,/Users/yanghuikang/Documents/Work/Research/Data/Flux_data/OneFlux/raw/FLUXNET2015/FLX_US-Ha1_FLUXNET2015_FULLSET_MM_1991-2012_1-4.csv,False,DBF,340.0,42.5378,-72.1715,Harvard Forest EMS Tower (HFR1),26,4,Dfb,Cold,C3,0.0
US-IB2,FLUXNET,2004,2011,/Users/yanghuikang/Documents/Work/Research/Data/Flux_data/OneFlux/raw/FLUXNET2015/FLX_US-IB2_FLUXNET2015_FULLSET_MM_2004-2011_1-4.csv,False,GRA,226.5,41.84062,-88.24103,Fermi National Accelerator Laboratory- Batavia (Prairie site),25,4,Dfa,Cold,C4,38.28
US-Ivo,FLUXNET,2004,2007,/Users/yanghuikang/Documents/Work/Research/Data/Flux_data/OneFlux/raw/FLUXNET2015/FLX_US-Ivo_FLUXNET2015_FULLSET_MM_2004-2007_1-4.csv,False,WET,568.0,68.4865,-155.7503,Ivotuk,19,4,Dsc,Cold,C3,0.0
US-KS1,FLUXNET,2002,2002,/Users/yanghuikang/Documents/Work/Research/Data/Flux_data/OneFlux/raw/FLUXNET2015/FLX_US-KS1_FLUXNET2015_FULLSET_MM_2002-2002_1-4.csv,False,ENF,1.0,28.4583,-80.6709,Kennedy Space Center (slash pine),14,3,Cfa,Temperate,C3,0.0
US-KS2,FLUXNET,2003,2006,/Users/yanghuikang/Documents/Work/Research/Data/Flux_data/OneFlux/raw/FLUXNET2015/FLX_US-KS2_FLUXNET2015_FULLSET_MM_2003-2006_1-4.csv,False,CSH,3.0,28.6086,-80.6715,Kennedy Space Center (scrub oak),14,3,Cfa,Temperate,C3,0.0
US-LWW,FLUXNET,1997,1998,/Users/yanghuikang/Documents/Work/Research/Data/Flux_data/OneFlux/raw/FLUXNET2015/FLX_US-LWW_FLUXNET2015_FULLSET_MM_1997-1998_1-4.csv,False,GRA,365.0,34.9604,-97.9789,Little Washita Watershed,14,3,Cfa,Temperate,C4,31.01
US-Lin,FLUXNET,2009,2010,/Users/yanghuikang/Documents/Work/Research/Data/Flux_data/OneFlux/raw/FLUXNET2015/FLX_US-Lin_FLUXNET2015_FULLSET_MM_2009-2010_1-4.csv,False,CRO,131.0,36.3566,-119.8423,Lindcove Orange Orchard,7,2,BSk,Arid,C3,1.56
US-Los,FLUXNET,2000,2014,/Users/yanghuikang/Documents/Work/Research/Data/Flux_data/OneFlux/raw/FLUXNET2015/FLX_US-Los_FLUXNET2015_FULLSET_MM_2000-2014_2-4.csv,False,WET,480.0,46.0827,-89.9792,Lost Creek,26,4,Dfb,Cold,C3,0.0
US-Me1,FLUXNET,2004,2005,/Users/yanghuikang/Documents/Work/Research/Data/Flux_data/OneFlux/raw/FLUXNET2015/FLX_US-Me1_FLUXNET2015_FULLSET_MM_2004-2005_1-4.csv,False,ENF,896.0,44.5794,-121.5,Metolius - Eyerly burn,18,4,Dsb,Cold,C3,0.03
US-Me3,FLUXNET,2004,2009,/Users/yanghuikang/Documents/Work/Research/Data/Flux_data/OneFlux/raw/FLUXNET2015/FLX_US-Me3_FLUXNET2015_FULLSET_MM_2004-2009_1-4.csv,False,ENF,1005.0,44.3154,-121.6078,Metolius-second young aged pine,18,4,Dsb,Cold,C3,0.03
US-Me4,FLUXNET,1996,2000,/Users/yanghuikang/Documents/Work/Research/Data/Flux_data/OneFlux/raw/FLUXNET2015/FLX_US-Me4_FLUXNET2015_FULLSET_MM_1996-2000_1-4.csv,False,ENF,922.0,44.4992,-121.6224,Metolius-old aged ponderosa pine,18,4,Dsb,Cold,C3,0.03
US-Me5,FLUXNET,2000,2002,/Users/yanghuikang/Documents/Work/Research/Data/Flux_data/OneFlux/raw/FLUXNET2015/FLX_US-Me5_FLUXNET2015_FULLSET_MM_2000-2002_1-4.csv,False,ENF,1188.0,44.43719,-121.56676,Metolius-first young aged pine,18,4,Dsb,Cold,C3,0.03
US-Me6,FLUXNET,2010,2014,/Users/yanghuikang/Documents/Work/Research/Data/Flux_data/OneFlux/raw/FLUXNET2015/FLX_US-Me6_FLUXNET2015_FULLSET_MM_2010-2014_2-4.csv,False,ENF,998.0,44.3232842,-121.6078,Metolius Young Pine Burn,18,4,Dsb,Cold,C3,0.03
US-Myb,FLUXNET,2010,2014,/Users/yanghuikang/Documents/Work/Research/Data/Flux_data/OneFlux/raw/FLUXNET2015/FLX_US-Myb_FLUXNET2015_FULLSET_MM_2010-2014_2-4.csv,False,WET,-4.0,38.049782,-121.76506,Mayberry Wetland,8,3,Csa,Temperate,C3,1.03
US-NR1,FLUXNET,1998,2014,/Users/yanghuikang/Documents/Work/Research/Data/Flux_data/OneFlux/raw/FLUXNET2015/FLX_US-NR1_FLUXNET2015_FULLSET_MM_1998-2014_1-4.csv,False,ENF,3050.0,40.0329,-105.5464,Niwot Ridge Forest (LTER NWT1),27,4,Dfc,Cold,C3,0.35
US-Ne1,FLUXNET,2001,2013,/Users/yanghuikang/Documents/Work/Research/Data/Flux_data/OneFlux/raw/FLUXNET2015/FLX_US-Ne1_FLUXNET2015_FULLSET_MM_2001-2013_1-4.csv,False,CRO,361.0,41.16506,-96.47664,Mead - irrigated continuous maize site,25,4,Dfa,Cold,C4,48.91
US-Ne2,FLUXNET,2001,2013,/Users/yanghuikang/Documents/Work/Research/Data/Flux_data/OneFlux/raw/FLUXNET2015/FLX_US-Ne2_FLUXNET2015_FULLSET_MM_2001-2013_1-4.csv,False,CRO,362.0,41.16487,-96.4701,Mead - irrigated maize-soybean rotation site,25,4,Dfa,Cold,rotation,48.91
US-Ne3,FLUXNET,2001,2013,/Users/yanghuikang/Documents/Work/Research/Data/Flux_data/OneFlux/raw/FLUXNET2015/FLX_US-Ne3_FLUXNET2015_FULLSET_MM_2001-2013_1-4.csv,False,CRO,363.0,41.17967,-96.43965,Mead - rainfed maize-soybean rotation site,25,4,Dfa,Cold,rotation,48.91
US-ORv,FLUXNET,2011,2011,/Users/yanghuikang/Documents/Work/Research/Data/Flux_data/OneFlux/raw/FLUXNET2015/FLX_US-ORv_FLUXNET2015_FULLSET_MM_2011-2011_1-4.csv,False,WET,221.0,40.0201,-83.0183,Olentangy River Wetland Research Park,25,4,Dfa,Cold,C3,33.28
US-PFa,FLUXNET,1995,2014,/Users/yanghuikang/Documents/Work/Research/Data/Flux_data/OneFlux/raw/FLUXNET2015/FLX_US-PFa_FLUXNET2015_FULLSET_MM_1995-2014_1-4.csv,False,MF,470.0,45.9459,-90.2723,Park Falls/WLEF,26,4,Dfb,Cold,C3,2.6
US-SRC,FLUXNET,2008,2014,/Users/yanghuikang/Documents/Work/Research/Data/Flux_data/OneFlux/raw/FLUXNET2015/FLX_US-SRC_FLUXNET2015_FULLSET_MM_2008-2014_1-4.csv,False,MF,950.0,31.9083,-110.8395,Santa Rita Creosote,6,2,BSh,Arid,C3,55.39
US-SRM,FLUXNET,2004,2014,/Users/yanghuikang/Documents/Work/Research/Data/Flux_data/OneFlux/raw/FLUXNET2015/FLX_US-SRM_FLUXNET2015_FULLSET_MM_2004-2014_1-4.csv,False,WSA,1120.0,31.8214,-110.8661,Santa Rita Mesquite,6,2,BSh,Arid,C3,55.39
US-Sta,FLUXNET,2005,2009,/Users/yanghuikang/Documents/Work/Research/Data/Flux_data/OneFlux/raw/FLUXNET2015/FLX_US-Sta_FLUXNET2015_FULLSET_MM_2005-2009_1-4.csv,False,OSH,2069.0,41.3966,-106.8024,Saratoga,7,2,BSk,Arid,C3,0.16
US-Syv,FLUXNET,2001,2014,/Users/yanghuikang/Documents/Work/Research/Data/Flux_data/OneFlux/raw/FLUXNET2015/FLX_US-Syv_FLUXNET2015_FULLSET_MM_2001-2014_1-4.csv,False,MF,540.0,46.242,-89.3477,Sylvania Wilderness Area,26,4,Dfb,Cold,C3,0.0
US-Ton,FLUXNET,2001,2014,/Users/yanghuikang/Documents/Work/Research/Data/Flux_data/OneFlux/raw/FLUXNET2015/FLX_US-Ton_FLUXNET2015_FULLSET_MM_2001-2014_1-4.csv,False,WSA,177.0,38.4316,-120.96598,Tonzi Ranch,8,3,Csa,Temperate,C3,0.0
US-Tw3,FLUXNET,2013,2014,/Users/yanghuikang/Documents/Work/Research/Data/Flux_data/OneFlux/raw/FLUXNET2015/FLX_US-Tw3_FLUXNET2015_FULLSET_MM_2013-2014_2-4.csv,False,CRO,-9.0,38.1159,-121.6467,Twitchell Alfalfa,8,3,Csa,Temperate,C3,1.03
US-Twt,FLUXNET,2009,2014,/Users/yanghuikang/Documents/Work/Research/Data/Flux_data/OneFlux/raw/FLUXNET2015/FLX_US-Twt_FLUXNET2015_FULLSET_MM_2009-2014_1-4.csv,False,CRO,-7.0,38.1087204,-121.6531,Twitchell Island,8,3,Csa,Temperate,C3,1.03
US-Var,FLUXNET,2000,2014,/Users/yanghuikang/Documents/Work/Research/Data/Flux_data/OneFlux/raw/FLUXNET2015/FLX_US-Var_FLUXNET2015_FULLSET_MM_2000-2014_1-4.csv,False,GRA,129.0,38.4133,-120.9507,Vaira Ranch- Ione,8,3,Csa,Temperate,C3,0.0
US-WCr,FLUXNET,1999,2014,/Users/yanghuikang/Documents/Work/Research/Data/Flux_data/OneFlux/raw/FLUXNET2015/FLX_US-WCr_FLUXNET2015_FULLSET_MM_1999-2014_1-4.csv,False,DBF,520.0,45.8059,-90.0799,Willow Creek,26,4,Dfb,Cold,C3,2.6
US-WPT,FLUXNET,2011,2013,/Users/yanghuikang/Documents/Work/Research/Data/Flux_data/OneFlux/raw/FLUXNET2015/FLX_US-WPT_FLUXNET2015_FULLSET_MM_2011-2013_1-4.csv,False,WET,175.0,41.464639,-82.996157,Winous Point North Marsh,25,4,Dfa,Cold,C3,0.0
US-Whs,FLUXNET,2007,2014,/Users/yanghuikang/Documents/Work/Research/Data/Flux_data/OneFlux/raw/FLUXNET2015/FLX_US-Whs_FLUXNET2015_FULLSET_MM_2007-2014_1-4.csv,False,OSH,1370.0,31.7438,-110.0522,Walnut Gulch Lucky Hills Shrub,7,2,BSk,Arid,C3,55.39
US-Wi0,FLUXNET,2002,2002,/Users/yanghuikang/Documents/Work/Research/Data/Flux_data/OneFlux/raw/FLUXNET2015/FLX_US-Wi0_FLUXNET2015_FULLSET_MM_2002-2002_1-4.csv,False,ENF,349.0,46.618778,-91.081444,Young red pine (YRP),26,4,Dfb,Cold,C3,4.14
US-Wi1,FLUXNET,2003,2003,/Users/yanghuikang/Documents/Work/Research/Data/Flux_data/OneFlux/raw/FLUXNET2015/FLX_US-Wi1_FLUXNET2015_FULLSET_MM_2003-2003_1-4.csv,False,DBF,352.0,46.730472,-91.232944,Intermediate hardwood (IHW),26,4,Dfb,Cold,C3,4.14
US-Wi2,FLUXNET,2003,2003,/Users/yanghuikang/Documents/Work/Research/Data/Flux_data/OneFlux/raw/FLUXNET2015/FLX_US-Wi2_FLUXNET2015_FULLSET_MM_2003-2003_1-4.csv,False,ENF,395.0,46.686889,-91.152833,Intermediate red pine (IRP),26,4,Dfb,Cold,C3,4.14
US-Wi3,FLUXNET,2002,2004,/Users/yanghuikang/Documents/Work/Research/Data/Flux_data/OneFlux/raw/FLUXNET2015/FLX_US-Wi3_FLUXNET2015_FULLSET_MM_2002-2004_1-4.csv,False,DBF,411.0,46.634722,-91.098667,Mature hardwood (MHW),26,4,Dfb,Cold,C3,4.14
US-Wi4,FLUXNET,2002,2005,/Users/yanghuikang/Documents/Work/Research/Data/Flux_data/OneFlux/raw/FLUXNET2015/FLX_US-Wi4_FLUXNET2015_FULLSET_MM_2002-2005_1-4.csv,False,ENF,352.0,46.739333,-91.16625,Mature red pine (MRP),26,4,Dfb,Cold,C3,4.14
US-Wi5,FLUXNET,2004,2004,/Users/yanghuikang/Documents/Work/Research/Data/Flux_data/OneFlux/raw/FLUXNET2015/FLX_US-Wi5_FLUXNET2015_FULLSET_MM_2004-2004_1-4.csv,False,ENF,353.0,46.653083,-91.085806,Mixed young jack pine (MYJP),26,4,Dfb,Cold,C3,4.14
US-Wi6,FLUXNET,2002,2003,/Users/yanghuikang/Documents/Work/Research/Data/Flux_data/OneFlux/raw/FLUXNET2015/FLX_US-Wi6_FLUXNET2015_FULLSET_MM_2002-2003_1-4.csv,False,OSH,371.0,46.624889,-91.298222,Pine barrens #1 (PB1),26,4,Dfb,Cold,C3,4.14
US-Wi7,FLUXNET,2005,2005,/Users/yanghuikang/Documents/Work/Research/Data/Flux_data/OneFlux/raw/FLUXNET2015/FLX_US-Wi7_FLUXNET2015_FULLSET_MM_2005-2005_1-4.csv,False,OSH,335.0,46.649111,-91.069278,Red pine clearcut (RPCC),26,4,Dfb,Cold,C3,4.14
US-Wi8,FLUXNET,2002,2002,/Users/yanghuikang/Documents/Work/Research/Data/Flux_data/OneFlux/raw/FLUXNET2015/FLX_US-Wi8_FLUXNET2015_FULLSET_MM_2002-2002_1-4.csv,False,DBF,348.0,46.722333,-91.252417,Young hardwood clearcut (YHW),26,4,Dfb,Cold,C3,4.14
US-Wi9,FLUXNET,2004,2005,/Users/yanghuikang/Documents/Work/Research/Data/Flux_data/OneFlux/raw/FLUXNET2015/FLX_US-Wi9_FLUXNET2015_FULLSET_MM_2004-2005_1-4.csv,False,ENF,350.0,46.618778,-91.081444,Young Jack pine (YJP),26,4,Dfb,Cold,C3,4.14
US-Wkg,FLUXNET,2004,2014,/Users/yanghuikang/Documents/Work/Research/Data/Flux_data/OneFlux/raw/FLUXNET2015/FLX_US-Wkg_FLUXNET2015_FULLSET_MM_2004-2014_1-4.csv,False,GRA,1531.0,31.7365,-109.9419,Walnut Gulch Kendall Grasslands,7,2,BSk,Arid,C4,40.93
ZM-Mon,FLUXNET,2000,2009,/Users/yanghuikang/Documents/Work/Research/Data/Flux_data/OneFlux/raw/FLUXNET2015/FLX_ZM-Mon_FLUXNET2015_FULLSET_MM_2000-2009_2-4.csv,False,DBF,1053.0,-15.4391,23.2525,Mongu,11,3,Cwa,Temperate,C3,62.17
CA-Ca1,AmeriFlux,1996,2010,/Users/yanghuikang/Documents/Work/Research/Data/Flux_data/OneFlux/raw/AmeriFlux/all_sites_FULLSET/FLX_CA-Ca1_FLUXNET2015_FULLSET_MM_1996-2010_beta-5.csv,False,ENF,300.0,49.8673,-125.3336,British Columbia - 1949 Douglas-fir stand,15,3,Cfb,Temperate,C3,0.02
CA-Ca2,AmeriFlux,1999,2010,/Users/yanghuikang/Documents/Work/Research/Data/Flux_data/OneFlux/raw/AmeriFlux/all_sites_FULLSET/FLX_CA-Ca2_FLUXNET2015_FULLSET_MM_1999-2010_beta-5.csv,False,ENF,300.0,49.8705,-125.2909,British Columbia - Clearcut Douglas-fir stand (harvested winter 1999/2000),9,3,Csb,Temperate,C3,0.02
CA-Ca3,AmeriFlux,2001,2010,/Users/yanghuikang/Documents/Work/Research/Data/Flux_data/OneFlux/raw/AmeriFlux/all_sites_FULLSET/FLX_CA-Ca3_FLUXNET2015_FULLSET_MM_2001-2010_beta-3.csv,False,ENF,,49.5346,-124.9004,British Columbia - Pole sapling Douglas-fir stand,9,3,Csb,Temperate,C3,0.0
CA-Cbo,AmeriFlux,1994,2014,/Users/yanghuikang/Documents/Work/Research/Data/Flux_data/OneFlux/raw/AmeriFlux/all_sites_FULLSET/FLX_CA-Cbo_FLUXNET2015_FULLSET_MM_1994-2014_beta-5.csv,False,DBF,120.0,44.3167,-79.9333,"Ontario - Mixed Deciduous, Borden Forest Site",26,4,Dfb,Cold,C3,1.09
CA-Gro,AmeriFlux,2003,2014,/Users/yanghuikang/Documents/Work/Research/Data/Flux_data/OneFlux/raw/AmeriFlux/all_sites_FULLSET/FLX_CA-Gro_FLUXNET2015_FULLSET_MM_2003-2014_beta-4.csv,True,MF,340.0,48.2167,-82.1556,"Ontario - Groundhog River, Boreal Mixedwood Forest",26,4,Dfb,Cold,C3,0.0
CA-NS1,AmeriFlux,2001,2005,/Users/yanghuikang/Documents/Work/Research/Data/Flux_data/OneFlux/raw/AmeriFlux/all_sites_FULLSET/FLX_CA-NS1_FLUXNET2015_FULLSET_MM_2001-2005_beta-4.csv,True,ENF,260.0,55.8792,-98.4839,UCI-1850 burn site,27,4,Dfc,Cold,C3,0.0
CA-NS2,AmeriFlux,2001,2005,/Users/yanghuikang/Documents/Work/Research/Data/Flux_data/OneFlux/raw/AmeriFlux/all_sites_FULLSET/FLX_CA-NS2_FLUXNET2015_FULLSET_MM_2001-2005_beta-4.csv,True,ENF,260.0,55.9058,-98.5247,UCI-1930 burn site,27,4,Dfc,Cold,C3,0.0
CA-NS3,AmeriFlux,2001,2005,/Users/yanghuikang/Documents/Work/Research/Data/Flux_data/OneFlux/raw/AmeriFlux/all_sites_FULLSET/FLX_CA-NS3_FLUXNET2015_FULLSET_MM_2001-2005_beta-4.csv,True,ENF,260.0,55.9117,-98.3822,UCI-1964 burn site,27,4,Dfc,Cold,C3,0.0
CA-NS5,AmeriFlux,2001,2005,/Users/yanghuikang/Documents/Work/Research/Data/Flux_data/OneFlux/raw/AmeriFlux/all_sites_FULLSET/FLX_CA-NS5_FLUXNET2015_FULLSET_MM_2001-2005_beta-4.csv,True,ENF,260.0,55.8631,-98.485,UCI-1981 burn site,27,4,Dfc,Cold,C3,0.0
CA-NS6,AmeriFlux,2001,2005,/Users/yanghuikang/Documents/Work/Research/Data/Flux_data/OneFlux/raw/AmeriFlux/all_sites_FULLSET/FLX_CA-NS6_FLUXNET2015_FULLSET_MM_2001-2005_beta-4.csv,True,OSH,244.0,55.9167,-98.9644,UCI-1989 burn site,27,4,Dfc,Cold,C3,0.0
CA-Qc2,AmeriFlux,2007,2010,/Users/yanghuikang/Documents/Work/Research/Data/Flux_data/OneFlux/raw/AmeriFlux/all_sites_FULLSET/FLX_CA-Qc2_FLUXNET2015_FULLSET_MM_2007-2010_beta-4.csv,False,MF,,49.7598,-74.5711,Quebec - 1975 Harvested Black Spruce (HBS75),27,4,Dfc,Cold,C3,0.0
CA-Qfo,AmeriFlux,2003,2010,/Users/yanghuikang/Documents/Work/Research/Data/Flux_data/OneFlux/raw/AmeriFlux/all_sites_FULLSET/FLX_CA-Qfo_FLUXNET2015_FULLSET_MM_2003-2010_beta-4.csv,True,ENF,382.0,49.6925,-74.3421,"Quebec - Eastern Boreal, Mature Black Spruce",27,4,Dfc,Cold,C3,0.0
CA-SF2,AmeriFlux,2001,2006,/Users/yanghuikang/Documents/Work/Research/Data/Flux_data/OneFlux/raw/AmeriFlux/all_sites_FULLSET/FLX_CA-SF2_FLUXNET2015_FULLSET_MM_2001-2006_beta-4.csv,True,ENF,520.0,54.2539,-105.8775,"Saskatchewan - Western Boreal, forest burned in 1989",27,4,Dfc,Cold,C3,0.07
CA-SJ2,AmeriFlux,2002,2010,/Users/yanghuikang/Documents/Work/Research/Data/Flux_data/OneFlux/raw/AmeriFlux/all_sites_FULLSET/FLX_CA-SJ2_FLUXNET2015_FULLSET_MM_2002-2010_beta-5.csv,False,ENF,580.0,53.945,-104.649,"Saskatchewan - Western Boreal, Jack Pine forest harvested in 2002",27,4,Dfc,Cold,C3,0.51
CA-TP4,AmeriFlux,2002,2017,/Users/yanghuikang/Documents/Work/Research/Data/Flux_data/OneFlux/raw/AmeriFlux/all_sites_FULLSET/FLX_CA-TP4_FLUXNET2015_FULLSET_MM_2002-2017_beta-4.csv,True,ENF,184.0,42.7102,-80.3574,Ontario - Turkey Point 1939 Plantation White Pine,26,4,Dfb,Cold,C3,0.0
CA-WP1,AmeriFlux,2003,2009,/Users/yanghuikang/Documents/Work/Research/Data/Flux_data/OneFlux/raw/AmeriFlux/all_sites_FULLSET/FLX_CA-WP1_FLUXNET2015_FULLSET_MM_2003-2009_beta-5.csv,False,WET,540.0,54.9538,-112.467,"Alberta - Western Peatland - LaBiche River,Black Spruce/Larch Fen",27,4,Dfc,Cold,C3,0.07
CA-WP2,AmeriFlux,2004,2006,/Users/yanghuikang/Documents/Work/Research/Data/Flux_data/OneFlux/raw/AmeriFlux/all_sites_FULLSET/FLX_CA-WP2_FLUXNET2015_FULLSET_MM_2004-2006_beta-5.csv,False,WET,,55.5375,-112.3343,Alberta - Western Peatland - Poor Fen (Sphagnum moss),27,4,Dfc,Cold,C3,0.16
CA-WP3,AmeriFlux,2004,2006,/Users/yanghuikang/Documents/Work/Research/Data/Flux_data/OneFlux/raw/AmeriFlux/all_sites_FULLSET/FLX_CA-WP3_FLUXNET2015_FULLSET_MM_2004-2006_beta-5.csv,False,WET,,54.47,-113.32,Alberta - Western Peatland - Rich Fen  (Carex),27,4,Dfc,Cold,C3,0.43
US-AR1,AmeriFlux,2009,2012,/Users/yanghuikang/Documents/Work/Research/Data/Flux_data/OneFlux/raw/AmeriFlux/all_sites_FULLSET/FLX_US-AR1_FLUXNET2015_FULLSET_MM_2009-2012_beta-4.csv,True,GRA,611.0,36.4267,-99.42,ARM USDA UNL OSU Woodward Switchgrass 1,14,3,Cfa,Temperate,C4,27.54
US-AR2,AmeriFlux,2009,2012,/Users/yanghuikang/Documents/Work/Research/Data/Flux_data/OneFlux/raw/AmeriFlux/all_sites_FULLSET/FLX_US-AR2_FLUXNET2015_FULLSET_MM_2009-2012_beta-4.csv,True,GRA,646.0,36.6358,-99.5975,ARM USDA UNL OSU Woodward Switchgrass 2,14,3,Cfa,Temperate,C4,27.54
US-ARM,AmeriFlux,2003,2018,/Users/yanghuikang/Documents/Work/Research/Data/Flux_data/OneFlux/raw/AmeriFlux/all_sites_FULLSET/FLX_US-ARM_FLUXNET2015_FULLSET_MM_2003-2018_beta-3.csv,True,CRO,314.0,36.6058,-97.4888,ARM Southern Great Plains site- Lamont,14,3,Cfa,Temperate,mix,15.97
US-ARb,AmeriFlux,2005,2006,/Users/yanghuikang/Documents/Work/Research/Data/Flux_data/OneFlux/raw/AmeriFlux/all_sites_FULLSET/FLX_US-ARb_FLUXNET2015_FULLSET_MM_2005-2006_beta-4.csv,True,GRA,424.0,35.5497,-98.0402,ARM Southern Great Plains burn site- Lamont,14,3,Cfa,Temperate,C4,20.41
US-ARc,AmeriFlux,2005,2006,/Users/yanghuikang/Documents/Work/Research/Data/Flux_data/OneFlux/raw/AmeriFlux/all_sites_FULLSET/FLX_US-ARc_FLUXNET2015_FULLSET_MM_2005-2006_beta-4.csv,True,GRA,424.0,35.5465,-98.04,ARM Southern Great Plains control site- Lamont,14,3,Cfa,Temperate,C4,20.41
US-Bar,AmeriFlux,2005,2017,/Users/yanghuikang/Documents/Work/Research/Data/Flux_data/OneFlux/raw/AmeriFlux/all_sites_FULLSET/FLX_US-Bar_FLUXNET2015_FULLSET_MM_2005-2017_beta-3.csv,False,DBF,272.0,44.0646,-71.2881,Bartlett Experimental Forest,26,4,Dfb,Cold,C3,0.0
US-Bi1,AmeriFlux,2016,2017,/Users/yanghuikang/Documents/Work/Research/Data/Flux_data/OneFlux/raw/AmeriFlux/all_sites_FULLSET/FLX_US-Bi1_FLUXNET2015_FULLSET_MM_2016-2017_beta-5.csv,False,CRO,-2.7,38.0992,-121.4993,Bouldin Island Alfalfa,8,3,Csa,Temperate,C3,1.03
US-Bi2,AmeriFlux,2017,2017,/Users/yanghuikang/Documents/Work/Research/Data/Flux_data/OneFlux/raw/AmeriFlux/all_sites_FULLSET/FLX_US-Bi2_FLUXNET2015_FULLSET_MM_2017-2017_beta-5.csv,False,CRO,-5.0,38.1091,-121.5351,Bouldin Island corn,8,3,Csa,Temperate,C4,1.03
US-CRT,AmeriFlux,2011,2013,/Users/yanghuikang/Documents/Work/Research/Data/Flux_data/OneFlux/raw/AmeriFlux/all_sites_FULLSET/FLX_US-CRT_FLUXNET2015_FULLSET_MM_2011-2013_beta-4.csv,True,CRO,180.0,41.6285,-83.3471,Curtice Walter-Berger cropland,25,4,Dfa,Cold,C3,29.26
US-Dk1,AmeriFlux,2001,2008,/Users/yanghuikang/Documents/Work/Research/Data/Flux_data/OneFlux/raw/AmeriFlux/all_sites_FULLSET/FLX_US-Dk1_FLUXNET2015_FULLSET_MM_2001-2008_beta-5.csv,False,GRA,168.0,35.9712,-79.0934,Duke Forest-open field,14,3,Cfa,Temperate,C3,1.95
US-Dk2,AmeriFlux,2001,2008,/Users/yanghuikang/Documents/Work/Research/Data/Flux_data/OneFlux/raw/AmeriFlux/all_sites_FULLSET/FLX_US-Dk2_FLUXNET2015_FULLSET_MM_2001-2008_beta-5.csv,False,DBF,168.0,35.9736,-79.1004,Duke Forest-hardwoods,14,3,Cfa,Temperate,C3,1.95
US-Dk3,AmeriFlux,2001,2008,/Users/yanghuikang/Documents/Work/Research/Data/Flux_data/OneFlux/raw/AmeriFlux/all_sites_FULLSET/FLX_US-Dk3_FLUXNET2015_FULLSET_MM_2001-2008_beta-5.csv,False,ENF,163.0,35.9782,-79.0942,Duke Forest - loblolly pine,14,3,Cfa,Temperate,C3,1.95
US-FR2,AmeriFlux,2005,2008,/Users/yanghuikang/Documents/Work/Research/Data/Flux_data/OneFlux/raw/AmeriFlux/all_sites_FULLSET/FLX_US-FR2_FLUXNET2015_FULLSET_MM_2005-2008_beta-3.csv,False,WSA,271.9,29.9495,-97.9962,Freeman Ranch- Mesquite Juniper,14,3,Cfa,Temperate,C3,18.37
US-Fmf,AmeriFlux,2005,2010,/Users/yanghuikang/Documents/Work/Research/Data/Flux_data/OneFlux/raw/AmeriFlux/all_sites_FULLSET/FLX_US-Fmf_FLUXNET2015_FULLSET_MM_2005-2010_beta-5.csv,False,ENF,2160.0,35.1426,-111.7273,Flagstaff - Managed Forest,18,4,Dsb,Cold,C3,30.3
US-Fuf,AmeriFlux,2005,2010,/Users/yanghuikang/Documents/Work/Research/Data/Flux_data/OneFlux/raw/AmeriFlux/all_sites_FULLSET/FLX_US-Fuf_FLUXNET2015_FULLSET_MM_2005-2010_beta-5.csv,False,ENF,2180.0,35.089,-111.762,Flagstaff - Unmanaged Forest,18,4,Dsb,Cold,C3,30.3
US-Ho1,AmeriFlux,1996,2018,/Users/yanghuikang/Documents/Work/Research/Data/Flux_data/OneFlux/raw/AmeriFlux/all_sites_FULLSET/FLX_US-Ho1_FLUXNET2015_FULLSET_MM_1996-2018_beta-3.csv,False,ENF,60.0,45.2041,-68.7402,Howland Forest (main tower),26,4,Dfb,Cold,C3,0.0
US-KFS,AmeriFlux,2007,2017,/Users/yanghuikang/Documents/Work/Research/Data/Flux_data/OneFlux/raw/AmeriFlux/all_sites_FULLSET/FLX_US-KFS_FLUXNET2015_FULLSET_MM_2007-2017_beta-5.csv,False,GRA,310.0,39.0561,-95.1907,Kansas Field Station,25,4,Dfa,Cold,mix,48.63
US-MMS,AmeriFlux,1999,2017,/Users/yanghuikang/Documents/Work/Research/Data/Flux_data/OneFlux/raw/AmeriFlux/all_sites_FULLSET/FLX_US-MMS_FLUXNET2015_FULLSET_MM_1999-2017_beta-3.csv,True,DBF,275.0,39.3232,-86.4131,Morgan Monroe State Forest,25,4,Dfa,Cold,C3,42.28
US-Me2,AmeriFlux,2002,2017,/Users/yanghuikang/Documents/Work/Research/Data/Flux_data/OneFlux/raw/AmeriFlux/all_sites_FULLSET/FLX_US-Me2_FLUXNET2015_FULLSET_MM_2002-2017_beta-5.csv,True,ENF,1253.0,44.4523,-121.5574,Metolius mature ponderosa pine,18,4,Dsb,Cold,C3,0.03
US-Men,AmeriFlux,2014,2017,/Users/yanghuikang/Documents/Work/Research/Data/Flux_data/OneFlux/raw/AmeriFlux/all_sites_FULLSET/FLX_US-Men_FLUXNET2015_FULLSET_MM_2014-2017_beta-3.csv,False,WAT,260.0,43.0772,-89.403,"Lake Mendota, Center for Limnology Site",25,4,Dfa,Cold,C3,2.35
US-Mpj,AmeriFlux,2008,2017,/Users/yanghuikang/Documents/Work/Research/Data/Flux_data/OneFlux/raw/AmeriFlux/all_sites_FULLSET/FLX_US-Mpj_FLUXNET2015_FULLSET_MM_2008-2017_beta-3.csv,False,OSH,2138.0,34.4384,-106.2377,Mountainair Pinyon-Juniper Woodland,7,2,BSk,Arid,C3,0.24
US-OWC,AmeriFlux,2015,2016,/Users/yanghuikang/Documents/Work/Research/Data/Flux_data/OneFlux/raw/AmeriFlux/all_sites_FULLSET/FLX_US-OWC_FLUXNET2015_FULLSET_MM_2015-2016_beta-5.csv,False,WET,174.0,41.3795,-82.5125,Old Woman Creek,25,4,Dfa,Cold,C3,0.0
US-Oho,AmeriFlux,2004,2013,/Users/yanghuikang/Documents/Work/Research/Data/Flux_data/OneFlux/raw/AmeriFlux/all_sites_FULLSET/FLX_US-Oho_FLUXNET2015_FULLSET_MM_2004-2013_beta-5.csv,True,DBF,230.0,41.5545,-83.8438,Oak Openings,25,4,Dfa,Cold,C3,29.26
US-Pnp,AmeriFlux,2016,2017,/Users/yanghuikang/Documents/Work/Research/Data/Flux_data/OneFlux/raw/AmeriFlux/all_sites_FULLSET/FLX_US-Pnp_FLUXNET2015_FULLSET_MM_2016-2017_beta-3.csv,False,WAT,260.0,43.0896,-89.4158,"Lake Mendota, Picnic Point Site",25,4,Dfa,Cold,C3,2.35
US-Prr,AmeriFlux,2010,2016,/Users/yanghuikang/Documents/Work/Research/Data/Flux_data/OneFlux/raw/AmeriFlux/all_sites_FULLSET/FLX_US-Prr_FLUXNET2015_FULLSET_MM_2010-2016_beta-5.csv,True,ENF,210.0,65.1237,-147.4876,Poker Flat Research Range Black Spruce Forest,27,4,Dfc,Cold,C3,0.0
US-Rls,AmeriFlux,2014,2017,/Users/yanghuikang/Documents/Work/Research/Data/Flux_data/OneFlux/raw/AmeriFlux/all_sites_FULLSET/FLX_US-Rls_FLUXNET2015_FULLSET_MM_2014-2017_beta-5.csv,False,CSH,1608.0,43.1439,-116.7356,RCEW Low Sagebrush,7,2,BSk,Arid,C3,0.08
US-Rms,AmeriFlux,2014,2017,/Users/yanghuikang/Documents/Work/Research/Data/Flux_data/OneFlux/raw/AmeriFlux/all_sites_FULLSET/FLX_US-Rms_FLUXNET2015_FULLSET_MM_2014-2017_beta-5.csv,False,CSH,2111.0,43.0645,-116.7486,RCEW Mountain Big Sagebrush,18,4,Dsb,Cold,C3,0.08
US-Ro1,AmeriFlux,2004,2016,/Users/yanghuikang/Documents/Work/Research/Data/Flux_data/OneFlux/raw/AmeriFlux/all_sites_FULLSET/FLX_US-Ro1_FLUXNET2015_FULLSET_MM_2004-2016_beta-5.csv,False,CRO,260.0,44.7143,-93.0898,Rosemount- G21,25,4,Dfa,Cold,rotation,24.84
US-Ro4,AmeriFlux,2014,2017,/Users/yanghuikang/Documents/Work/Research/Data/Flux_data/OneFlux/raw/AmeriFlux/all_sites_FULLSET/FLX_US-Ro4_FLUXNET2015_FULLSET_MM_2014-2017_beta-5.csv,False,GRA,274.0,44.6781,-93.0723,Rosemount Prairie,25,4,Dfa,Cold,C4,24.84
US-Ro5,AmeriFlux,2017,2017,/Users/yanghuikang/Documents/Work/Research/Data/Flux_data/OneFlux/raw/AmeriFlux/all_sites_FULLSET/FLX_US-Ro5_FLUXNET2015_FULLSET_MM_2017-2017_beta-5.csv,False,CRO,283.0,44.691,-93.0576,Rosemount I18_South,25,4,Dfa,Cold,rotation,24.84
US-Ro6,AmeriFlux,2017,2017,/Users/yanghuikang/Documents/Work/Research/Data/Flux_data/OneFlux/raw/AmeriFlux/all_sites_FULLSET/FLX_US-Ro6_FLUXNET2015_FULLSET_MM_2017-2017_beta-5.csv,False,CRO,282.0,44.6946,-93.0578,Rosemount I18_North,25,4,Dfa,Cold,rotation,24.84
US-Rws,AmeriFlux,2014,2017,/Users/yanghuikang/Documents/Work/Research/Data/Flux_data/OneFlux/raw/AmeriFlux/all_sites_FULLSET/FLX_US-Rws_FLUXNET2015_FULLSET_MM_2014-2017_beta-5.csv,False,OSH,1425.0,43.1675,-116.7132,Reynolds Creek Wyoming big sagebrush,7,2,BSk,Arid,C3,0.08
US-SRG,AmeriFlux,2008,2017,/Users/yanghuikang/Documents/Work/Research/Data/Flux_data/OneFlux/raw/AmeriFlux/all_sites_FULLSET/FLX_US-SRG_FLUXNET2015_FULLSET_MM_2008-2017_beta-5.csv,True,GRA,1291.0,31.7894,-110.8277,Santa Rita Grassland,6,2,BSh,Arid,C4,55.39
US-Seg,AmeriFlux,2007,2017,/Users/yanghuikang/Documents/Work/Research/Data/Flux_data/OneFlux/raw/AmeriFlux/all_sites_FULLSET/FLX_US-Seg_FLUXNET2015_FULLSET_MM_2007-2017_beta-3.csv,False,GRA,1622.0,34.3623,-106.7019,Sevilleta grassland,5,2,BWk,Arid,mix,0.24
US-Ses,AmeriFlux,2007,2017,/Users/yanghuikang/Documents/Work/Research/Data/Flux_data/OneFlux/raw/AmeriFlux/all_sites_FULLSET/FLX_US-Ses_FLUXNET2015_FULLSET_MM_2007-2017_beta-3.csv,False,OSH,1593.0,34.3349,-106.7442,Sevilleta shrubland,5,2,BWk,Arid,C3,0.24
US-Tw1,AmeriFlux,2011,2017,/Users/yanghuikang/Documents/Work/Research/Data/Flux_data/OneFlux/raw/AmeriFlux/all_sites_FULLSET/FLX_US-Tw1_FLUXNET2015_FULLSET_MM_2011-2017_beta-5.csv,True,WET,-5.0,38.1074,-121.6469,Twitchell Wetland West Pond,8,3,Csa,Temperate,C3,1.03
US-Tw2,AmeriFlux,2012,2013,/Users/yanghuikang/Documents/Work/Research/Data/Flux_data/OneFlux/raw/AmeriFlux/all_sites_FULLSET/FLX_US-Tw2_FLUXNET2015_FULLSET_MM_2012-2013_beta-4.csv,True,CRO,-5.0,38.1047,-121.6433,Twitchell Corn,8,3,Csa,Temperate,C4,1.03
US-Tw4,AmeriFlux,2013,2017,/Users/yanghuikang/Documents/Work/Research/Data/Flux_data/OneFlux/raw/AmeriFlux/all_sites_FULLSET/FLX_US-Tw4_FLUXNET2015_FULLSET_MM_2013-2017_beta-5.csv,True,WET,-5.0,38.1027,-121.6413,Twitchell East End Wetland,8,3,Csa,Temperate,C3,1.03
US-UMB,AmeriFlux,2007,2017,/Users/yanghuikang/Documents/Work/Research/Data/Flux_data/OneFlux/raw/AmeriFlux/all_sites_FULLSET/FLX_US-UMB_FLUXNET2015_FULLSET_MM_2007-2017_beta-4.csv,True,DBF,234.0,45.5598,-84.7138,Univ. of Mich. Biological Station,26,4,Dfb,Cold,C3,10.72
US-UMd,AmeriFlux,2007,2017,/Users/yanghuikang/Documents/Work/Research/Data/Flux_data/OneFlux/raw/AmeriFlux/all_sites_FULLSET/FLX_US-UMd_FLUXNET2015_FULLSET_MM_2007-2017_beta-4.csv,True,DBF,239.0,45.5625,-84.6975,UMBS Disturbance,26,4,Dfb,Cold,C3,10.72
US-Uaf,AmeriFlux,2003,2017,/Users/yanghuikang/Documents/Work/Research/Data/Flux_data/OneFlux/raw/AmeriFlux/all_sites_FULLSET/FLX_US-Uaf_FLUXNET2015_FULLSET_MM_2003-2017_beta-5.csv,False,ENF,155.0,64.8663,-147.8555,"University of Alaska, Fairbanks",27,4,Dfc,Cold,C3,0.0
US-Vcm,AmeriFlux,2007,2017,/Users/yanghuikang/Documents/Work/Research/Data/Flux_data/OneFlux/raw/AmeriFlux/all_sites_FULLSET/FLX_US-Vcm_FLUXNET2015_FULLSET_MM_2007-2017_beta-3.csv,False,ENF,3003.0,35.8884,-106.5321,Valles Caldera Mixed Conifer,27,4,Dfc,Cold,C3,0.04
US-Vcp,AmeriFlux,2007,2017,/Users/yanghuikang/Documents/Work/Research/Data/Flux_data/OneFlux/raw/AmeriFlux/all_sites_FULLSET/FLX_US-Vcp_FLUXNET2015_FULLSET_MM_2007-2017_beta-5.csv,False,ENF,2542.0,35.8624,-106.5974,Valles Caldera Ponderosa Pine,26,4,Dfb,Cold,C3,0.04
US-Wgr,AmeriFlux,2015,2015,/Users/yanghuikang/Documents/Work/Research/Data/Flux_data/OneFlux/raw/AmeriFlux/all_sites_FULLSET/FLX_US-Wgr_FLUXNET2015_FULLSET_MM_2015-2015_beta-5.csv,False,CRO,52.0,45.1129,-122.656,Willamette Grass,9,3,Csb,Temperate,C3,0.28
US-Wjs,AmeriFlux,2007,2017,/Users/yanghuikang/Documents/Work/Research/Data/Flux_data/OneFlux/raw/AmeriFlux/all_sites_FULLSET/FLX_US-Wjs_FLUXNET2015_FULLSET_MM_2007-2017_beta-3.csv,False,SAV,1931.0,34.4255,-105.8615,Willard Juniper Savannah,7,2,BSk,Arid,C3,0.14
BE-Bra,ICOS2020,1996,2020,/Users/yanghuikang/Documents/Work/Research/Data/Flux_data/OneFlux/raw/ICOS/warm-winter-2020/FLX_BE-Bra_FLUXNET2015_FULLSET_MM_1996-2020_beta-3.csv,True,MF,16.0,51.30761,4.51984,Brasschaat,15,3,Cfb,Temperate,C3,0.0
BE-Dor,ICOS2020,2011,2020,/Users/yanghuikang/Documents/Work/Research/Data/Flux_data/OneFlux/raw/ICOS/warm-winter-2020/FLX_BE-Dor_FLUXNET2015_FULLSET_MM_2011-2020_beta-3.csv,False,GRA,247.0,50.31135,4.968591,Dorinne,15,3,Cfb,Temperate,C3,0.38
BE-Lcr,ICOS2020,2019,2020,/Users/yanghuikang/Documents/Work/Research/Data/Flux_data/OneFlux/raw/ICOS/warm-winter-2020/FLX_BE-Lcr_FLUXNET2015_FULLSET_MM_2019-2020_beta-3.csv,False,DBF,6.0,51.11218,3.85043,Lochristi,15,3,Cfb,Temperate,C3,0.0
BE-Lon,ICOS2020,2004,2020,/Users/yanghuikang/Documents/Work/Research/Data/Flux_data/OneFlux/raw/ICOS/warm-winter-2020/FLX_BE-Lon_FLUXNET2015_FULLSET_MM_2004-2020_beta-3.csv,True,CRO,170.0,50.55162,4.746234,Lonzee,15,3,Cfb,Temperate,rotation,0.38
BE-Maa,ICOS2020,2016,2020,/Users/yanghuikang/Documents/Work/Research/Data/Flux_data/OneFlux/raw/ICOS/warm-winter-2020/FLX_BE-Maa_FLUXNET2015_FULLSET_MM_2016-2020_beta-3.csv,False,CSH,87.0,50.97987,5.631851,Maasmechelen,15,3,Cfb,Temperate,C3,0.43
BE-Vie,ICOS2020,1996,2020,/Users/yanghuikang/Documents/Work/Research/Data/Flux_data/OneFlux/raw/ICOS/warm-winter-2020/FLX_BE-Vie_FLUXNET2015_FULLSET_MM_1996-2020_beta-3.csv,True,MF,493.0,50.30493,5.99812,Vielsalm,26,4,Dfb,Cold,C3,0.43
CH-Aws,ICOS2020,2006,2020,/Users/yanghuikang/Documents/Work/Research/Data/Flux_data/OneFlux/raw/ICOS/warm-winter-2020/FLX_CH-Aws_FLUXNET2015_FULLSET_MM_2006-2020_beta-3.csv,True,GRA,1988.0,46.583306,9.790417,Alp Weissenstein,29,5,ET,Polar,C3,1.47
CH-Cha,ICOS2020,2005,2020,/Users/yanghuikang/Documents/Work/Research/Data/Flux_data/OneFlux/raw/ICOS/warm-winter-2020/FLX_CH-Cha_FLUXNET2015_FULLSET_MM_2005-2020_beta-3.csv,True,GRA,393.0,47.21022,8.41044,Chamau,26,4,Dfb,Cold,C3,0.0
CH-Dav,ICOS2020,1997,2020,/Users/yanghuikang/Documents/Work/Research/Data/Flux_data/OneFlux/raw/ICOS/warm-winter-2020/FLX_CH-Dav_FLUXNET2015_FULLSET_MM_1997-2020_beta-3.csv,True,ENF,1639.0,46.81533,9.85591,Davos,27,4,Dfc,Cold,C3,1.47
CH-Fru,ICOS2020,2005,2020,/Users/yanghuikang/Documents/Work/Research/Data/Flux_data/OneFlux/raw/ICOS/warm-winter-2020/FLX_CH-Fru_FLUXNET2015_FULLSET_MM_2005-2020_beta-3.csv,True,GRA,982.0,47.11583,8.53778,Frebel,26,4,Dfb,Cold,C3,0.0
CH-Lae,ICOS2020,2004,2020,/Users/yanghuikang/Documents/Work/Research/Data/Flux_data/OneFlux/raw/ICOS/warm-winter-2020/FLX_CH-Lae_FLUXNET2015_FULLSET_MM_2004-2020_beta-3.csv,True,MF,689.0,47.47833,8.36439,Laegern,26,4,Dfb,Cold,C3,0.0
CH-Oe2,ICOS2020,2004,2020,/Users/yanghuikang/Documents/Work/Research/Data/Flux_data/OneFlux/raw/ICOS/warm-winter-2020/FLX_CH-Oe2_FLUXNET2015_FULLSET_MM_2004-2020_beta-3.csv,True,CRO,452.0,47.28642,7.73375,Oensingen crop,26,4,Dfb,Cold,C3,0.11
CZ-BK1,ICOS2020,2004,2020,/Users/yanghuikang/Documents/Work/Research/Data/Flux_data/OneFlux/raw/ICOS/warm-winter-2020/FLX_CZ-BK1_FLUXNET2015_FULLSET_MM_2004-2020_beta-3.csv,True,ENF,875.0,49.50208,18.53688,Bily Kriz forest,26,4,Dfb,Cold,C3,0.0
CZ-KrP,ICOS2020,2014,2020,/Users/yanghuikang/Documents/Work/Research/Data/Flux_data/OneFlux/raw/ICOS/warm-winter-2020/FLX_CZ-KrP_FLUXNET2015_FULLSET_MM_2014-2020_beta-3.csv,False,CRO,534.0,49.573257,15.078773,Kresin u Pacova,26,4,Dfb,Cold,unknown,0.0
CZ-Lnz,ICOS2020,2015,2020,/Users/yanghuikang/Documents/Work/Research/Data/Flux_data/OneFlux/raw/ICOS/warm-winter-2020/FLX_CZ-Lnz_FLUXNET2015_FULLSET_MM_2015-2020_beta-3.csv,True,DBF,150.0,48.68155,16.946331,Lanzhot,26,4,Dfb,Cold,C3,7.36
CZ-RAJ,ICOS2020,2012,2020,/Users/yanghuikang/Documents/Work/Research/Data/Flux_data/OneFlux/raw/ICOS/warm-winter-2020/FLX_CZ-RAJ_FLUXNET2015_FULLSET_MM_2012-2020_beta-3.csv,True,ENF,649.0,49.4437236,16.6965125,Rajec,26,4,Dfb,Cold,C3,0.0
CZ-Stn,ICOS2020,2010,2020,/Users/yanghuikang/Documents/Work/Research/Data/Flux_data/OneFlux/raw/ICOS/warm-winter-2020/FLX_CZ-Stn_FLUXNET2015_FULLSET_MM_2010-2020_beta-3.csv,True,DBF,562.0,49.035975,17.9699,Stitna,26,4,Dfb,Cold,C3,0.0
CZ-wet,ICOS2020,2006,2020,/Users/yanghuikang/Documents/Work/Research/Data/Flux_data/OneFlux/raw/ICOS/warm-winter-2020/FLX_CZ-wet_FLUXNET2015_FULLSET_MM_2006-2020_beta-3.csv,True,WET,426.0,49.02465,14.77035,Trebon (CZECHWET),26,4,Dfb,Cold,C3,0.0
DE-Akm,ICOS2020,2009,2020,/Users/yanghuikang/Documents/Work/Research/Data/Flux_data/OneFlux/raw/ICOS/warm-winter-2020/FLX_DE-Akm_FLUXNET2015_FULLSET_MM_2009-2020_beta-3.csv,True,WET,-1.0,53.86617,13.68342,Anklam,26,4,Dfb,Cold,C3,0.0
DE-Geb,ICOS2020,2001,2020,/Users/yanghuikang/Documents/Work/Research/Data/Flux_data/OneFlux/raw/ICOS/warm-winter-2020/FLX_DE-Geb_FLUXNET2015_FULLSET_MM_2001-2020_beta-3.csv,True,CRO,161.5,51.09973,10.91463,Gebesee,26,4,Dfb,Cold,C3,0.0
DE-Gri,ICOS2020,2004,2020,/Users/yanghuikang/Documents/Work/Research/Data/Flux_data/OneFlux/raw/ICOS/warm-winter-2020/FLX_DE-Gri_FLUXNET2015_FULLSET_MM_2004-2020_beta-3.csv,True,GRA,385.0,50.95004,13.51259,Grillenburg,26,4,Dfb,Cold,C3,0.0
DE-Hai,ICOS2020,2000,2020,/Users/yanghuikang/Documents/Work/Research/Data/Flux_data/OneFlux/raw/ICOS/warm-winter-2020/FLX_DE-Hai_FLUXNET2015_FULLSET_MM_2000-2020_beta-3.csv,True,DBF,430.0,51.07921,10.45217,Hainich,26,4,Dfb,Cold,C3,0.0
DE-HoH,ICOS2020,2015,2020,/Users/yanghuikang/Documents/Work/Research/Data/Flux_data/OneFlux/raw/ICOS/warm-winter-2020/FLX_DE-HoH_FLUXNET2015_FULLSET_MM_2015-2020_beta-3.csv,True,DBF,193.0,52.08656,11.22235,Hohes Holz,26,4,Dfb,Cold,C3,0.0
DE-Hzd,ICOS2020,2010,2020,/Users/yanghuikang/Documents/Work/Research/Data/Flux_data/OneFlux/raw/ICOS/warm-winter-2020/FLX_DE-Hzd_FLUXNET2015_FULLSET_MM_2010-2020_beta-3.csv,True,DBF,395.0,50.96381,13.48978,Hetzdorf,26,4,Dfb,Cold,C3,0.0
DE-Kli,ICOS2020,2004,2020,/Users/yanghuikang/Documents/Work/Research/Data/Flux_data/OneFlux/raw/ICOS/warm-winter-2020/FLX_DE-Kli_FLUXNET2015_FULLSET_MM_2004-2020_beta-3.csv,True,CRO,478.0,50.89306,13.52238,Klingenberg,26,4,Dfb,Cold,C3,0.0
DE-Obe,ICOS2020,2008,2020,/Users/yanghuikang/Documents/Work/Research/Data/Flux_data/OneFlux/raw/ICOS/warm-winter-2020/FLX_DE-Obe_FLUXNET2015_FULLSET_MM_2008-2020_beta-3.csv,True,ENF,734.0,50.78666,13.72129,Oberbrenburg,26,4,Dfb,Cold,C3,0.0
DE-RuR,ICOS2020,2011,2020,/Users/yanghuikang/Documents/Work/Research/Data/Flux_data/OneFlux/raw/ICOS/warm-winter-2020/FLX_DE-RuR_FLUXNET2015_FULLSET_MM_2011-2020_beta-3.csv,True,GRA,514.7,50.62191,6.30413,Rollesbroich,26,4,Dfb,Cold,C3,0.0
DE-RuS,ICOS2020,2011,2020,/Users/yanghuikang/Documents/Work/Research/Data/Flux_data/OneFlux/raw/ICOS/warm-winter-2020/FLX_DE-RuS_FLUXNET2015_FULLSET_MM_2011-2020_beta-3.csv,True,CRO,102.755,50.86591,6.44714,Selhausen Juelich,15,3,Cfb,Temperate,C3,0.0
DE-RuW,ICOS2020,2012,2020,/Users/yanghuikang/Documents/Work/Research/Data/Flux_data/OneFlux/raw/ICOS/warm-winter-2020/FLX_DE-RuW_FLUXNET2015_FULLSET_MM_2012-2020_beta-3.csv,True,ENF,610.0,50.50493,6.3309627,Wustebach,26,4,Dfb,Cold,C3,0.0
DE-Tha,ICOS2020,1996,2020,/Users/yanghuikang/Documents/Work/Research/Data/Flux_data/OneFlux/raw/ICOS/warm-winter-2020/FLX_DE-Tha_FLUXNET2015_FULLSET_MM_1996-2020_beta-3.csv,True,ENF,385.0,50.96256,13.56515,Tharandt,26,4,Dfb,Cold,C3,0.0
DK-Gds,ICOS2020,2020,2020,/Users/yanghuikang/Documents/Work/Research/Data/Flux_data/OneFlux/raw/ICOS/warm-winter-2020/FLX_DK-Gds_FLUXNET2015_FULLSET_MM_2020-2020_beta-3.csv,False,ENF,86.0,56.0737,9.3341,Gludsted Plantage,26,4,Dfb,Cold,C3,0.0
DK-Sor,ICOS2020,1996,2020,/Users/yanghuikang/Documents/Work/Research/Data/Flux_data/OneFlux/raw/ICOS/warm-winter-2020/FLX_DK-Sor_FLUXNET2015_FULLSET_MM_1996-2020_beta-3.csv,True,DBF,40.0,55.48587,11.64464,Soroe,26,4,Dfb,Cold,C3,0.0
ES-Abr,ICOS2020,2015,2020,/Users/yanghuikang/Documents/Work/Research/Data/Flux_data/OneFlux/raw/ICOS/warm-winter-2020/FLX_ES-Abr_FLUXNET2015_FULLSET_MM_2015-2020_beta-3.csv,True,WSA,279.0,38.701839,-6.785881,Albuera,8,3,Csa,Temperate,C3,1.13
ES-Agu,ICOS2020,2006,2020,/Users/yanghuikang/Documents/Work/Research/Data/Flux_data/OneFlux/raw/ICOS/warm-winter-2020/FLX_ES-Agu_FLUXNET2015_FULLSET_MM_2006-2020_beta-3.csv,False,OSH,202.0,36.940046,-2.033208,Aguamarga,5,2,BWk,Arid,C3,0.0
ES-Cnd,ICOS2020,2014,2020,/Users/yanghuikang/Documents/Work/Research/Data/Flux_data/OneFlux/raw/ICOS/warm-winter-2020/FLX_ES-Cnd_FLUXNET2015_FULLSET_MM_2014-2020_beta-3.csv,False,EBF,366.0,37.914998,-3.227659,Conde,7,2,BSk,Arid,C3,1.77
ES-LJu,ICOS2020,2004,2020,/Users/yanghuikang/Documents/Work/Research/Data/Flux_data/OneFlux/raw/ICOS/warm-winter-2020/FLX_ES-LJu_FLUXNET2015_FULLSET_MM_2004-2020_beta-3.csv,True,OSH,1600.0,36.92659,-2.75212,Llano de los Juanes,8,3,Csa,Temperate,C3,0.0
ES-LM1,ICOS2020,2014,2020,/Users/yanghuikang/Documents/Work/Research/Data/Flux_data/OneFlux/raw/ICOS/warm-winter-2020/FLX_ES-LM1_FLUXNET2015_FULLSET_MM_2014-2020_beta-3.csv,True,WSA,266.0,39.94269,-5.778683,Majadas del Tietar North,7,2,BSk,Arid,C3,1.3
ES-LM2,ICOS2020,2014,2020,/Users/yanghuikang/Documents/Work/Research/Data/Flux_data/OneFlux/raw/ICOS/warm-winter-2020/FLX_ES-LM2_FLUXNET2015_FULLSET_MM_2014-2020_beta-3.csv,True,WSA,270.0,39.934592,-5.775881,Majadas del Tietar South,7,2,BSk,Arid,C3,1.3
FI-Hyy,ICOS2020,1996,2020,/Users/yanghuikang/Documents/Work/Research/Data/Flux_data/OneFlux/raw/ICOS/warm-winter-2020/FLX_FI-Hyy_FLUXNET2015_FULLSET_MM_1996-2020_beta-3.csv,True,ENF,181.0,61.84741,24.29477,Hyytiala,27,4,Dfc,Cold,C3,0.0
FI-Ken,ICOS2020,2018,2020,/Users/yanghuikang/Documents/Work/Research/Data/Flux_data/OneFlux/raw/ICOS/warm-winter-2020/FLX_FI-Ken_FLUXNET2015_FULLSET_MM_2018-2020_beta-3.csv,False,ENF,347.0,67.98721,24.24301,Kenttarova,27,4,Dfc,Cold,C3,0.0
FI-Let,ICOS2020,2009,2020,/Users/yanghuikang/Documents/Work/Research/Data/Flux_data/OneFlux/raw/ICOS/warm-winter-2020/FLX_FI-Let_FLUXNET2015_FULLSET_MM_2009-2020_beta-3.csv,True,ENF,125.0,60.64183,23.95952,Lettosuo,27,4,Dfc,Cold,C3,0.0
FI-Qvd,ICOS2020,2018,2020,/Users/yanghuikang/Documents/Work/Research/Data/Flux_data/OneFlux/raw/ICOS/warm-winter-2020/FLX_FI-Qvd_FLUXNET2015_FULLSET_MM_2018-2020_beta-3.csv,False,CRO,10.0,60.295242,22.391607,Qvidja,26,4,Dfb,Cold,C3,0.0
FI-Sii,ICOS2020,2016,2020,/Users/yanghuikang/Documents/Work/Research/Data/Flux_data/OneFlux/raw/ICOS/warm-winter-2020/FLX_FI-Sii_FLUXNET2015_FULLSET_MM_2016-2020_beta-3.csv,True,GRA,160.0,61.83265,24.19285,Siikaneva,27,4,Dfc,Cold,C3,0.0
FI-Var,ICOS2020,2016,2020,/Users/yanghuikang/Documents/Work/Research/Data/Flux_data/OneFlux/raw/ICOS/warm-winter-2020/FLX_FI-Var_FLUXNET2015_FULLSET_MM_2016-2020_beta-3.csv,True,ENF,395.0,67.7549,29.61,Varrio,27,4,Dfc,Cold,C3,0.0
FR-Aur,ICOS2020,2005,2020,/Users/yanghuikang/Documents/Work/Research/Data/Flux_data/OneFlux/raw/ICOS/warm-winter-2020/FLX_FR-Aur_FLUXNET2015_FULLSET_MM_2005-2020_beta-3.csv,False,CRO,250.0,43.54965,1.106103,Aurade,14,3,Cfa,Temperate,C3,3.1
FR-Bil,ICOS2020,2014,2020,/Users/yanghuikang/Documents/Work/Research/Data/Flux_data/OneFlux/raw/ICOS/warm-winter-2020/FLX_FR-Bil_FLUXNET2015_FULLSET_MM_2014-2020_beta-3.csv,True,ENF,39.0,44.493652,-0.956092,Bilos,15,3,Cfb,Temperate,C3,0.0
FR-FBn,ICOS2020,2008,2020,/Users/yanghuikang/Documents/Work/Research/Data/Flux_data/OneFlux/raw/ICOS/warm-winter-2020/FLX_FR-FBn_FLUXNET2015_FULLSET_MM_2008-2020_beta-3.csv,False,MF,436.0,43.24079,5.67865,Font-Blanche,8,3,Csa,Temperate,C3,0.0
FR-Fon,ICOS2020,2005,2020,/Users/yanghuikang/Documents/Work/Research/Data/Flux_data/OneFlux/raw/ICOS/warm-winter-2020/FLX_FR-Fon_FLUXNET2015_FULLSET_MM_2005-2020_beta-3.csv,True,DBF,103.0,48.47636,2.7801,Fontainebleau-Barbeau,15,3,Cfb,Temperate,C3,7.34
FR-Gri,ICOS2020,2004,2020,/Users/yanghuikang/Documents/Work/Research/Data/Flux_data/OneFlux/raw/ICOS/warm-winter-2020/FLX_FR-Gri_FLUXNET2015_FULLSET_MM_2004-2020_beta-3.csv,True,CRO,125.0,48.84422,1.95191,Grignon,15,3,Cfb,Temperate,rotation,6.49
FR-Hes,ICOS2020,2014,2020,/Users/yanghuikang/Documents/Work/Research/Data/Flux_data/OneFlux/raw/ICOS/warm-winter-2020/FLX_FR-Hes_FLUXNET2015_FULLSET_MM_2014-2020_beta-3.csv,True,DBF,310.0,48.6741,7.06465,Hesse,15,3,Cfb,Temperate,C3,3.18
FR-LGt,ICOS2020,2017,2020,/Users/yanghuikang/Documents/Work/Research/Data/Flux_data/OneFlux/raw/ICOS/warm-winter-2020/FLX_FR-LGt_FLUXNET2015_FULLSET_MM_2017-2020_beta-3.csv,False,WET,153.0,47.322917,2.284102,La Guette,15,3,Cfb,Temperate,C3,3.82
FR-Lam,ICOS2020,2005,2020,/Users/yanghuikang/Documents/Work/Research/Data/Flux_data/OneFlux/raw/ICOS/warm-winter-2020/FLX_FR-Lam_FLUXNET2015_FULLSET_MM_2005-2020_beta-3.csv,False,CRO,180.0,43.496437,1.237878,Lamasquere,14,3,Cfa,Temperate,rotation,3.1
FR-Tou,ICOS2020,2018,2020,/Users/yanghuikang/Documents/Work/Research/Data/Flux_data/OneFlux/raw/ICOS/warm-winter-2020/FLX_FR-Tou_FLUXNET2015_FULLSET_MM_2018-2020_beta-3.csv,False,GRA,158.0,43.572857,1.37474,Toulouse,14,3,Cfa,Temperate,unknown,3.1
GF-Guy,ICOS2020,2004,2020,/Users/yanghuikang/Documents/Work/Research/Data/Flux_data/OneFlux/raw/ICOS/warm-winter-2020/FLX_GF-Guy_FLUXNET2015_FULLSET_MM_2004-2020_beta-3.csv,True,EBF,48.0,5.27877,-52.92486,Guyaflux (French Guiana),2,1,Am,Tropical,C3,0.0
GL-Dsk,ICOS2020,2020,2020,/Users/yanghuikang/Documents/Work/Research/Data/Flux_data/OneFlux/raw/ICOS/warm-winter-2020/FLX_GL-Dsk_FLUXNET2015_FULLSET_MM_2020-2020_beta-3.csv,False,OSH,8.0,69.25349,-53.51413,Disko,29,5,ET,Polar,C3,0.0
IE-Cra,ICOS2020,2020,2020,/Users/yanghuikang/Documents/Work/Research/Data/Flux_data/OneFlux/raw/ICOS/warm-winter-2020/FLX_IE-Cra_FLUXNET2015_FULLSET_MM_2020-2020_beta-3.csv,False,WET,56.0,53.3229785,-7.641769,Clara,15,3,Cfb,Temperate,C3,0.0
IL-Yat,ICOS2020,2000,2020,/Users/yanghuikang/Documents/Work/Research/Data/Flux_data/OneFlux/raw/ICOS/warm-winter-2020/FLX_IL-Yat_FLUXNET2015_FULLSET_MM_2000-2020_beta-3.csv,False,ENF,657.0,31.34504459,35.05198851,Yatir,7,2,BSk,Arid,C3,0.0
IT-BCi,ICOS2020,2004,2020,/Users/yanghuikang/Documents/Work/Research/Data/Flux_data/OneFlux/raw/ICOS/warm-winter-2020/FLX_IT-BCi_FLUXNET2015_FULLSET_MM_2004-2020_beta-3.csv,True,CRO,20.0,40.52375,14.95744,Borgo Cioffi,8,3,Csa,Temperate,C4,0.0
IT-BFt,ICOS2020,2019,2020,/Users/yanghuikang/Documents/Work/Research/Data/Flux_data/OneFlux/raw/ICOS/warm-winter-2020/FLX_IT-BFt_FLUXNET2015_FULLSET_MM_2019-2020_beta-3.csv,False,DBF,23.0,45.197754,10.741966,Bosco Fontana,14,3,Cfa,Temperate,C3,2.31
IT-Cp2,ICOS2020,2012,2020,/Users/yanghuikang/Documents/Work/Research/Data/Flux_data/OneFlux/raw/ICOS/warm-winter-2020/FLX_IT-Cp2_FLUXNET2015_FULLSET_MM_2012-2020_beta-3.csv,True,EBF,19.0,41.70427,12.35729,Castelporziano2,8,3,Csa,Temperate,C3,0.0
IT-Lav,ICOS2020,2003,2020,/Users/yanghuikang/Documents/Work/Research/Data/Flux_data/OneFlux/raw/ICOS/warm-winter-2020/FLX_IT-Lav_FLUXNET2015_FULLSET_MM_2003-2020_beta-3.csv,True,ENF,1353.0,45.9562,11.28132,Lavarone,26,4,Dfb,Cold,C3,3.57
IT-Lsn,ICOS2020,2016,2020,/Users/yanghuikang/Documents/Work/Research/Data/Flux_data/OneFlux/raw/ICOS/warm-winter-2020/FLX_IT-Lsn_FLUXNET2015_FULLSET_MM_2016-2020_beta-3.csv,True,OSH,1.0,45.740482,12.750297,Lison,14,3,Cfa,Temperate,C3,2.7
IT-MBo,ICOS2020,2003,2020,/Users/yanghuikang/Documents/Work/Research/Data/Flux_data/OneFlux/raw/ICOS/warm-winter-2020/FLX_IT-MBo_FLUXNET2015_FULLSET_MM_2003-2020_beta-3.csv,True,GRA,1550.0,46.01468,11.04583,Monte Bondone,26,4,Dfb,Cold,C3,1.37
IT-Ren,ICOS2020,1999,2020,/Users/yanghuikang/Documents/Work/Research/Data/Flux_data/OneFlux/raw/ICOS/warm-winter-2020/FLX_IT-Ren_FLUXNET2015_FULLSET_MM_1999-2020_beta-3.csv,True,ENF,1730.0,46.58686,11.43369,Renon,27,4,Dfc,Cold,C3,1.37
IT-SR2,ICOS2020,2013,2020,/Users/yanghuikang/Documents/Work/Research/Data/Flux_data/OneFlux/raw/ICOS/warm-winter-2020/FLX_IT-SR2_FLUXNET2015_FULLSET_MM_2013-2020_beta-3.csv,True,ENF,4.0,43.73202,10.29091,San Rossore 2,8,3,Csa,Temperate,C3,0.0
IT-Tor,ICOS2020,2008,2020,/Users/yanghuikang/Documents/Work/Research/Data/Flux_data/OneFlux/raw/ICOS/warm-winter-2020/FLX_IT-Tor_FLUXNET2015_FULLSET_MM_2008-2020_beta-3.csv,True,GRA,2160.0,45.84444,7.57806,Torgnon,27,4,Dfc,Cold,C3,1.76
RU-Fy2,ICOS2020,2015,2020,/Users/yanghuikang/Documents/Work/Research/Data/Flux_data/OneFlux/raw/ICOS/warm-winter-2020/FLX_RU-Fy2_FLUXNET2015_FULLSET_MM_2015-2020_beta-3.csv,True,ENF,276.0,56.4476,32.9019,Fyodorovskoye dry spruce,26,4,Dfb,Cold,C3,0.85
RU-Fyo,ICOS2020,1998,2020,/Users/yanghuikang/Documents/Work/Research/Data/Flux_data/OneFlux/raw/ICOS/warm-winter-2020/FLX_RU-Fyo_FLUXNET2015_FULLSET_MM_1998-2020_beta-3.csv,True,ENF,265.0,56.46153,32.92208,Fyodorovskoye,26,4,Dfb,Cold,C3,0.85
SE-Deg,ICOS2020,2001,2020,/Users/yanghuikang/Documents/Work/Research/Data/Flux_data/OneFlux/raw/ICOS/warm-winter-2020/FLX_SE-Deg_FLUXNET2015_FULLSET_MM_2001-2020_beta-3.csv,True,WET,270.0,64.182029,19.556539,Degero,27,4,Dfc,Cold,C3,0.0
SE-Htm,ICOS2020,2015,2020,/Users/yanghuikang/Documents/Work/Research/Data/Flux_data/OneFlux/raw/ICOS/warm-winter-2020/FLX_SE-Htm_FLUXNET2015_FULLSET_MM_2015-2020_beta-3.csv,True,ENF,115.0,56.09763,13.41897,Hyltemossa,26,4,Dfb,Cold,C3,0.0
SE-Nor,ICOS2020,2014,2020,/Users/yanghuikang/Documents/Work/Research/Data/Flux_data/OneFlux/raw/ICOS/warm-winter-2020/FLX_SE-Nor_FLUXNET2015_FULLSET_MM_2014-2020_beta-3.csv,True,ENF,45.0,60.0865,17.479504,Norunda,26,4,Dfb,Cold,C3,0.0
SE-Ros,ICOS2020,2014,2020,/Users/yanghuikang/Documents/Work/Research/Data/Flux_data/OneFlux/raw/ICOS/warm-winter-2020/FLX_SE-Ros_FLUXNET2015_FULLSET_MM_2014-2020_beta-3.csv,True,ENF,157.0,64.1725,19.738,Rosinedal-3,27,4,Dfc,Cold,C3,0.0
SE-Svb,ICOS2020,2014,2020,/Users/yanghuikang/Documents/Work/Research/Data/Flux_data/OneFlux/raw/ICOS/warm-winter-2020/FLX_SE-Svb_FLUXNET2015_FULLSET_MM_2014-2020_beta-3.csv,True,ENF,267.0,64.25611,19.7745,Svartberget,27,4,Dfc,Cold,C3,0.0
DE-Hte,ICOS2018,2009,2018,/Users/yanghuikang/Documents/Work/Research/Data/Flux_data/OneFlux/raw/ICOS/drought-2018/FLX_DE-Hte_FLUXNET2015_FULLSET_MM_2009-2018_beta-3.csv,False,WET,1.0,54.210278,12.176111,Huetelmoor,15,3,Cfb,Temperate,C3,0.0
FR-EM2,ICOS2018,2017,2018,/Users/yanghuikang/Documents/Work/Research/Data/Flux_data/OneFlux/raw/ICOS/drought-2018/FLX_FR-EM2_FLUXNET2015_FULLSET_MM_2017-2018_beta-3.csv,False,CRO,,49.87211,3.02065,Estrees-Mons A28,15,3,Cfb,Temperate,mix,6.69
NL-Loo,ICOS2018,1996,2018,/Users/yanghuikang/Documents/Work/Research/Data/Flux_data/OneFlux/raw/ICOS/drought-2018/FLX_NL-Loo_FLUXNET2015_FULLSET_MM_1996-2018_beta-3.csv,True,ENF,25.0,52.16658,5.74356,Loobos,15,3,Cfb,Temperate,C3,0.0
SE-Lnn,ICOS2018,2014,2018,/Users/yanghuikang/Documents/Work/Research/Data/Flux_data/OneFlux/raw/ICOS/drought-2018/FLX_SE-Lnn_FLUXNET2015_FULLSET_MM_2014-2018_beta-3.csv,False,CRO,71.0,58.34063,13.10177,Lanna,26,4,Dfb,Cold,C3,0.0
