index,filename,size,country,site_id,record_count,site_IGBP,site_koppen,start_time,end_time,recorded_date_count
0,data_full_half_hourly_raw_v0_1_CN-HaM.csv,21307369,CN,CN-HaM,50784,GRA,Polar,1/15/2002 0:00,12/31/2004 23:30,1058
1,data_full_half_hourly_raw_v0_1_US-UMd.csv,70907532,US,US-UMd,178464,DBF,Cold,5/25/2007 0:00,12/31/2017 23:30,3718
2,data_full_half_hourly_raw_v0_1_AU-Emr.csv,17707070,AU,AU-Emr,40896,GRA,Arid,6/10/2011 0:00,12/31/2013 23:30,852
3,data_full_half_hourly_raw_v0_1_DE-Kli.csv,115031759,DE,DE-Kli,269136,CRO,Cold,5/6/2004 0:00,12/31/2020 23:30,5607
4,data_full_half_hourly_raw_v0_1_BE-Lcr.csv,11988594,BE,BE-Lcr,32976,DBF,Temperate,1/1/2019 0:00,12/31/2020 23:30,687
5,data_full_half_hourly_raw_v0_1_DK-Gds.csv,2632580,DK,DK-Gds,7632,ENF,Cold,7/9/2020 0:00,12/14/2020 23:30,159
6,data_full_half_hourly_raw_v0_1_CZ-RAJ.csv,65198714,CZ,CZ-RAJ,153984,ENF,Cold,1/1/2012 0:00,12/31/2020 23:30,3208
7,data_full_half_hourly_raw_v0_1_IT-Isp.csv,13549264,IT,IT-Isp,32544,DBF,Temperate,1/1/2013 0:00,12/31/2014 23:30,678
8,data_full_half_hourly_raw_v0_1_CA-Gro.csv,74132529,CA,CA-Gro,172416,MF,Cold,8/29/2003 0:00,5/16/2014 23:30,3592
9,data_full_half_hourly_raw_v0_1_US-Sta.csv,19848993,US,US-Sta,46656,OSH,Arid,11/3/2005 0:00,12/7/2009 23:30,972
10,data_full_half_hourly_raw_v0_1_US-KS1.csv,5279188,US,US-KS1,13248,ENF,Temperate,3/7/2002 0:00,12/31/2002 23:30,276
11,data_full_half_hourly_raw_v0_1_IL-Yat.csv,139597716,IL,IL-Yat,318048,ENF,Arid,10/1/2000 0:00,12/31/2020 23:30,6626
12,data_full_half_hourly_raw_v0_1_FR-LGt.csv,25211279,FR,FR-LGt,60528,WET,Temperate,1/27/2017 0:00,12/12/2020 23:30,1261
13,data_full_half_hourly_raw_v0_1_DK-Fou.csv,4758374,DK,DK-Fou,11568,CRO,Cold,1/30/2005 0:00,10/12/2005 23:30,241
14,data_full_half_hourly_raw_v0_1_IE-Cra.csv,6989126,IE,IE-Cra,17568,WET,Temperate,1/1/2020 0:00,12/31/2020 23:30,366
15,data_full_half_hourly_raw_v0_1_SE-Lnn.csv,32921480,SE,SE-Lnn,80400,CRO,Cold,1/1/2014 0:00,12/31/2018 23:30,1675
16,data_full_half_hourly_raw_v0_1_US-Uaf.csv,76640314,US,US-Uaf,172512,ENF,Cold,3/2/2003 0:00,10/18/2017 23:30,3594
17,data_full_half_hourly_raw_v0_1_US-KFS.csv,68734331,US,US-KFS,163440,GRA,Cold,7/2/2007 0:00,12/31/2017 23:30,3405
18,data_full_half_hourly_raw_v0_1_CH-Lae.csv,116210397,CH,CH-Lae,288384,MF,Cold,4/9/2004 0:00,12/17/2020 23:30,6008
19,data_full_half_hourly_raw_v0_1_ES-Ln2.csv,3512709,ES,ES-Ln2,9168,OSH,Cold,5/30/2009 0:00,12/31/2009 23:30,191
20,data_full_half_hourly_raw_v0_1_DE-Obe.csv,89318203,DE,DE-Obe,217488,ENF,Cold,1/25/2008 0:00,12/31/2020 23:30,4531
21,data_full_half_hourly_raw_v0_1_BE-Vie.csv,168315116,BE,BE-Vie,413712,MF,Cold,8/1/1996 0:00,12/31/2020 23:30,8619
22,data_full_half_hourly_raw_v0_1_US-Men.csv,25597777,US,US-Men,62544,WAT,Cold,1/1/2014 0:00,12/31/2017 23:30,1303
23,data_full_half_hourly_raw_v0_1_FI-Sod.csv,95188202,FI,FI-Sod,232032,ENF,Cold,1/1/2001 0:00,12/31/2014 23:30,4834
24,data_full_half_hourly_raw_v0_1_FI-Qvd.csv,16935457,FI,FI-Qvd,41664,CRO,Cold,5/4/2018 0:00,12/31/2020 23:30,868
25,data_full_half_hourly_raw_v0_1_IT-La2.csv,10337781,IT,IT-La2,26736,ENF,Cold,7/23/2000 0:00,4/2/2002 23:30,557
26,data_full_half_hourly_raw_v0_1_US-KS2.csv,28802489,US,US-KS2,64224,CSH,Temperate,3/29/2003 0:00,12/31/2006 23:30,1338
27,data_full_half_hourly_raw_v0_1_US-Blo.csv,51452175,US,US-Blo,122160,ENF,Temperate,6/3/1997 0:00,10/9/2007 23:30,2545
28,data_full_half_hourly_raw_v0_1_AT-Neu.csv,80674656,AT,AT-Neu,188112,GRA,Cold,1/1/2002 0:00,12/31/2012 23:30,3919
29,data_full_half_hourly_raw_v0_1_AU-Rob.csv,6619060,AU,AU-Rob,17520,EBF,Temperate,1/1/2014 0:00,12/31/2014 23:30,365
30,data_full_half_hourly_raw_v0_1_US-UMB.csv,75432255,US,US-UMB,191904,DBF,Cold,1/1/2007 0:00,12/31/2017 23:30,3998
31,data_full_half_hourly_raw_v0_1_CZ-BK2.csv,40463762,CZ,CZ-BK2,100224,GRA,Cold,5/4/2006 0:00,12/31/2012 23:30,2088
32,data_full_half_hourly_raw_v0_1_AR-SLu.csv,9785735,AR,AR-SLu,22128,MF,Arid,12/21/2009 0:00,3/26/2011 23:30,461
33,data_full_half_hourly_raw_v0_1_US-Syv.csv,49956257,US,US-Syv,119664,MF,Cold,8/30/2001 0:00,12/31/2014 23:30,2493
34,data_full_half_hourly_raw_v0_1_US-Mpj.csv,71735446,US,US-Mpj,167232,OSH,Arid,1/1/2008 0:00,12/31/2017 23:30,3484
35,data_full_half_hourly_raw_v0_1_DE-SfN.csv,17395548,DE,DE-SfN,39360,WET,Cold,7/5/2012 0:00,12/31/2014 23:30,820
36,data_full_half_hourly_raw_v0_1_CN-Qia.csv,20266158,CN,CN-Qia,52080,ENF,Temperate,1/1/2003 0:00,12/31/2005 23:30,1085
37,data_full_half_hourly_raw_v0_1_US-ORv.csv,5933944,US,US-ORv,15792,WET,Cold,1/1/2011 0:00,12/31/2011 23:30,329
38,data_full_half_hourly_raw_v0_1_ES-Agu.csv,90715299,ES,ES-Agu,200640,OSH,Arid,6/12/2006 0:00,12/31/2020 23:30,4180
39,data_full_half_hourly_raw_v0_1_GF-Guy.csv,100119719,GF,GF-Guy,289008,EBF,Tropical,1/1/2004 0:00,12/31/2020 23:30,6021
40,data_full_half_hourly_raw_v0_1_US-Oho.csv,73051872,US,US-Oho,163824,DBF,Cold,1/1/2004 0:00,12/31/2013 23:30,3413
41,data_full_half_hourly_raw_v0_1_CN-Din.csv,16849605,CN,CN-Din,46416,EBF,Temperate,1/1/2003 0:00,12/31/2005 23:30,967
42,data_full_half_hourly_raw_v0_1_CH-Cha.csv,110146216,CH,CH-Cha,253872,GRA,Cold,9/9/2005 0:00,12/31/2020 23:30,5289
43,data_full_half_hourly_raw_v0_1_IT-Lav.csv,131501705,IT,IT-Lav,297840,ENF,Cold,1/1/2003 0:00,12/31/2020 23:30,6205
44,data_full_half_hourly_raw_v0_1_US-Prr.csv,40790058,US,US-Prr,101040,ENF,Cold,10/29/2010 0:00,12/31/2016 23:30,2105
45,data_full_half_hourly_raw_v0_1_AU-Whr.csv,23069619,AU,AU-Whr,54048,EBF,Arid,12/2/2011 0:00,12/31/2014 23:30,1126
46,data_full_half_hourly_raw_v0_1_GL-NuF.csv,19755601,GL,GL-NuF,47040,WET,Polar,6/19/2008 0:00,8/3/2014 23:30,980
47,data_full_half_hourly_raw_v0_1_CZ-BK1.csv,111009683,CZ,CZ-BK1,269760,ENF,Cold,1/1/2004 0:00,12/31/2020 23:30,5620
48,data_full_half_hourly_raw_v0_1_DE-Spw.csv,28307965,DE,DE-Spw,70608,WET,Cold,6/6/2010 0:00,12/31/2014 23:30,1471
49,data_full_half_hourly_raw_v0_1_FI-Hyy.csv,163943523,FI,FI-Hyy,407472,ENF,Cold,6/18/1996 0:00,12/31/2020 23:30,8489
50,data_full_half_hourly_raw_v0_1_SN-Dhr.csv,14642569,SN,SN-Dhr,33120,SAV,Arid,8/3/2010 0:00,12/31/2013 23:30,690
51,data_full_half_hourly_raw_v0_1_CZ-wet.csv,109241029,CZ,CZ-wet,255792,WET,Cold,4/29/2006 0:00,12/31/2020 23:30,5329
52,data_full_half_hourly_raw_v0_1_US-ARM.csv,117878083,US,US-ARM,259104,CRO,Temperate,1/1/2003 0:00,12/31/2018 23:30,5398
53,data_full_half_hourly_raw_v0_1_IT-Ren.csv,141412352,IT,IT-Ren,325632,ENF,Cold,1/1/1999 0:00,12/31/2020 23:30,6784
54,data_full_half_hourly_raw_v0_1_RU-Fy2.csv,42292776,RU,RU-Fy2,98544,ENF,Cold,5/9/2015 0:00,12/31/2020 23:30,2053
55,data_full_half_hourly_raw_v0_1_PA-SPn.csv,14791308,PA,PA-SPn,39264,DBF,Tropical,3/6/2007 0:00,6/30/2009 23:30,818
56,data_full_half_hourly_raw_v0_1_FR-Pue.csv,109116169,FR,FR-Pue,245760,EBF,Temperate,7/26/2000 0:00,12/31/2014 23:30,5120
57,data_full_half_hourly_raw_v0_1_IT-Cp2.csv,44850529,IT,IT-Cp2,101328,EBF,Temperate,1/26/2012 0:00,11/5/2020 23:30,2111
58,data_full_half_hourly_raw_v0_1_GL-Dsk.csv,5184735,GL,GL-Dsk,17568,OSH,Polar,1/1/2020 0:00,12/31/2020 23:30,366
59,data_full_half_hourly_raw_v0_1_CA-Oas.csv,96909535,CA,CA-Oas,256896,DBF,Cold,4/23/1996 0:00,12/31/2010 23:30,5352
60,data_full_half_hourly_raw_v0_1_US-SRC.csv,39323562,US,US-SRC,89760,MF,Arid,3/15/2008 0:00,6/22/2014 23:30,1870
61,data_full_half_hourly_raw_v0_1_CA-NS7.csv,23304301,CA,CA-NS7,55776,OSH,Cold,6/24/2002 0:00,9/29/2005 23:30,1162
62,data_full_half_hourly_raw_v0_1_CN-Du2.csv,14832328,CN,CN-Du2,33936,GRA,Cold,1/1/2007 0:00,12/31/2008 23:30,707
63,data_full_half_hourly_raw_v0_1_CN-Du3.csv,5275684,CN,CN-Du3,13344,GRA,Cold,8/4/2009 0:00,5/8/2010 23:30,278
64,data_full_half_hourly_raw_v0_1_AU-DaS.csv,49712116,AU,AU-DaS,115392,SAV,Tropical,1/1/2008 0:00,12/31/2014 23:30,2404
65,data_full_half_hourly_raw_v0_1_DK-Eng.csv,23374977,DK,DK-Eng,52608,GRA,Cold,5/13/2005 0:00,6/30/2008 23:30,1096
66,data_full_half_hourly_raw_v0_1_CA-NS6.csv,28723800,CA,CA-NS6,69696,OSH,Cold,10/1/2001 0:00,9/21/2005 23:30,1452
67,data_full_half_hourly_raw_v0_1_NL-Hor.csv,50415361,NL,NL-Hor,114240,GRA,Temperate,1/22/2004 0:00,9/6/2011 23:30,2380
68,data_full_half_hourly_raw_v0_1_US-Ton.csv,103999932,US,US-Ton,230928,WSA,Temperate,5/24/2001 0:00,12/31/2014 23:30,4811
69,data_full_half_hourly_raw_v0_1_DE-Hzd.csv,56205637,DE,DE-Hzd,132192,DBF,Cold,8/2/2010 0:00,12/31/2020 23:30,2754
70,data_full_half_hourly_raw_v0_1_RU-Cok.csv,23194512,RU,RU-Cok,50880,OSH,Polar,4/28/2003 0:00,9/8/2013 23:30,1060
71,data_full_half_hourly_raw_v0_1_CH-Aws.csv,66813659,CH,CH-Aws,161664,GRA,Polar,6/23/2006 0:00,12/31/2020 23:30,3368
72,data_full_half_hourly_raw_v0_1_FI-Let.csv,74777444,FI,FI-Let,180096,ENF,Cold,9/3/2009 0:00,12/31/2020 23:30,3752
73,data_full_half_hourly_raw_v0_1_CA-SF1.csv,11384427,CA,CA-SF1,26544,ENF,Cold,7/17/2003 0:00,9/21/2006 23:30,553
74,data_full_half_hourly_raw_v0_1_US-Rls.csv,23462374,US,US-Rls,52704,CSH,Arid,9/11/2014 0:00,12/31/2017 23:30,1098
75,data_full_half_hourly_raw_v0_1_CA-SJ2.csv,36835544,CA,CA-SJ2,81168,ENF,Cold,11/19/2003 0:00,7/15/2008 23:30,1691
76,data_full_half_hourly_raw_v0_1_BE-Bra.csv,137821806,BE,BE-Bra,331920,MF,Temperate,1/20/1999 0:00,12/31/2020 23:30,6915
77,data_full_half_hourly_raw_v0_1_US-Lin.csv,7180906,US,US-Lin,17856,CRO,Arid,11/9/2009 0:00,11/15/2010 23:30,372
78,data_full_half_hourly_raw_v0_1_CA-SF3.csv,18910976,CA,CA-SF3,44832,OSH,Cold,4/12/2001 0:00,9/21/2006 23:30,934
79,data_full_half_hourly_raw_v0_1_US-Wi8.csv,3432555,US,US-Wi8,8400,DBF,Cold,5/17/2002 0:00,11/7/2002 23:30,175
80,data_full_half_hourly_raw_v0_1_AU-How.csv,82518393,AU,AU-How,196752,WSA,Tropical,9/7/2001 0:00,12/31/2014 23:30,4099
81,data_full_half_hourly_raw_v0_1_US-Wgr.csv,5942441,US,US-Wgr,15264,CRO,Temperate,1/13/2015 0:00,12/7/2015 23:30,318
82,data_full_half_hourly_raw_v0_1_US-Var.csv,110098318,US,US-Var,245712,GRA,Temperate,11/1/2000 0:00,12/31/2014 23:30,5119
83,data_full_half_hourly_raw_v0_1_US-Vcm.csv,63450985,US,US-Vcm,154512,ENF,Cold,1/1/2007 0:00,12/31/2017 23:30,3219
84,data_full_half_hourly_raw_v0_1_CA-NS4.csv,16207579,CA,CA-NS4,38640,ENF,Cold,10/26/2002 0:00,9/26/2005 23:30,805
85,data_full_half_hourly_raw_v0_1_JP-SMF.csv,28180876,JP,JP-SMF,67200,MF,Temperate,10/11/2002 0:00,12/31/2006 23:30,1400
86,data_full_half_hourly_raw_v0_1_AU-DaP.csv,39509404,AU,AU-DaP,92544,GRA,Tropical,9/19/2007 0:00,9/7/2013 23:30,1928
87,data_full_half_hourly_raw_v0_1_CA-NS5.csv,26568354,CA,CA-NS5,63744,ENF,Cold,8/9/2001 0:00,9/23/2005 23:30,1328
88,data_full_half_hourly_raw_v0_1_US-Myb.csv,27630526,US,US-Myb,64320,WET,Temperate,2/8/2011 0:00,12/31/2014 23:30,1340
89,data_full_half_hourly_raw_v0_1_US-GBT.csv,13261292,US,US-GBT,31344,ENF,Cold,11/11/2001 0:00,10/23/2003 23:30,653
90,data_full_half_hourly_raw_v0_1_GL-ZaH.csv,39059125,GL,GL-ZaH,93696,GRA,Polar,6/7/2000 0:00,10/21/2014 23:30,1952
91,data_full_half_hourly_raw_v0_1_AU-Gin.csv,21370030,AU,AU-Gin,48672,WSA,Temperate,10/14/2011 0:00,12/31/2014 23:30,1014
92,data_full_half_hourly_raw_v0_1_US-Wkg.csv,83565537,US,US-Wkg,186768,GRA,Arid,5/7/2004 0:00,12/31/2014 23:30,3891
93,data_full_half_hourly_raw_v0_1_US-Wi9.csv,5906347,US,US-Wi9,15504,ENF,Cold,5/1/2004 0:00,8/26/2005 23:30,323
94,data_full_half_hourly_raw_v0_1_CA-SF2.csv,9447622,CA,CA-SF2,21600,ENF,Cold,4/12/2003 0:00,9/17/2005 23:30,450
95,data_full_half_hourly_raw_v0_1_DE-Lnf.csv,55095726,DE,DE-Lnf,132144,DBF,Cold,4/11/2002 0:00,12/31/2012 23:30,2753
96,data_full_half_hourly_raw_v0_1_AU-RDF.csv,12899946,AU,AU-RDF,29808,WSA,Tropical,9/24/2011 0:00,7/21/2013 23:30,621
97,data_full_half_hourly_raw_v0_1_US-NR1.csv,112936778,US,US-NR1,270768,ENF,Cold,5/2/1999 0:00,12/31/2014 23:30,5641
98,data_full_half_hourly_raw_v0_1_FR-Gri.csv,107330916,FR,FR-Gri,241440,CRO,Temperate,5/15/2004 0:00,12/31/2020 23:30,5030
99,data_full_half_hourly_raw_v0_1_US-Bi2.csv,5043102,US,US-Bi2,11856,CRO,Temperate,4/29/2017 0:00,12/31/2017 23:30,247
100,data_full_half_hourly_raw_v0_1_CZ-Stn.csv,76744598,CZ,CZ-Stn,187872,DBF,Cold,1/1/2010 0:00,12/31/2020 23:30,3914
101,data_full_half_hourly_raw_v0_1_IT-MBo.csv,130550141,IT,IT-MBo,298752,GRA,Cold,1/1/2003 0:00,10/15/2020 23:30,6224
102,data_full_half_hourly_raw_v0_1_DE-Hai.csv,146647181,DE,DE-Hai,348000,DBF,Cold,1/1/2000 0:00,12/31/2020 23:30,7250
103,data_full_half_hourly_raw_v0_1_GH-Ank.csv,12612868,GH,GH-Ank,34896,EBF,Tropical,2/10/2011 0:00,12/4/2014 23:30,727
104,data_full_half_hourly_raw_v0_1_CA-NS1.csv,22582332,CA,CA-NS1,54336,ENF,Cold,6/26/2002 0:00,9/25/2005 23:30,1132
105,data_full_half_hourly_raw_v0_1_DE-Tha.csv,172205243,DE,DE-Tha,420480,ENF,Cold,6/30/1996 0:00,12/10/2020 23:30,8760
106,data_full_half_hourly_raw_v0_1_US-Rms.csv,23163316,US,US-Rms,52944,CSH,Cold,9/16/2014 0:00,12/31/2017 23:30,1103
107,data_full_half_hourly_raw_v0_1_US-Bi1.csv,10061313,US,US-Bi1,23616,CRO,Temperate,8/13/2016 0:00,12/31/2017 23:30,492
108,data_full_half_hourly_raw_v0_1_US-Wjs.csv,76127948,US,US-Wjs,177168,SAV,Arid,5/5/2007 0:00,12/31/2017 23:30,3691
109,data_full_half_hourly_raw_v0_1_IT-PT1.csv,20612556,IT,IT-PT1,45264,DBF,Temperate,3/23/2002 0:00,10/20/2004 23:30,943
110,data_full_half_hourly_raw_v0_1_CN-Sw2.csv,8160681,CN,CN-Sw2,19200,GRA,Arid,12/20/2010 0:00,1/23/2012 23:30,400
111,data_full_half_hourly_raw_v0_1_SE-Deg.csv,139158505,SE,SE-Deg,328176,WET,Cold,1/1/2001 0:00,12/31/2020 23:30,6837
112,data_full_half_hourly_raw_v0_1_CA-NS2.csv,24258916,CA,CA-NS2,58368,ENF,Cold,7/25/2001 0:00,8/21/2005 23:30,1216
113,data_full_half_hourly_raw_v0_1_CA-NS3.csv,29998100,CA,CA-NS3,72960,ENF,Cold,7/26/2001 0:00,9/22/2005 23:30,1520
114,data_full_half_hourly_raw_v0_1_US-SRG.csv,78642860,US,US-SRG,171312,GRA,Arid,3/10/2008 0:00,12/31/2017 23:30,3569
115,data_full_half_hourly_raw_v0_1_US-Ivo.csv,23981127,US,US-Ivo,55536,WET,Cold,1/1/2004 0:00,10/4/2007 23:30,1157
116,data_full_half_hourly_raw_v0_1_AU-Rig.csv,27889000,AU,AU-Rig,63648,GRA,Temperate,1/1/2011 0:00,12/31/2014 23:30,1326
117,data_full_half_hourly_raw_v0_1_IT-SR2.csv,61127288,IT,IT-SR2,133920,ENF,Temperate,1/1/2013 0:00,12/31/2020 23:30,2790
118,data_full_half_hourly_raw_v0_1_IT-Tor.csv,88055350,IT,IT-Tor,212592,GRA,Cold,6/22/2008 0:00,12/31/2020 23:30,4429
119,data_full_half_hourly_raw_v0_1_US-Ro6.csv,7332010,US,US-Ro6,17520,CRO,Cold,1/1/2017 0:00,12/31/2017 23:30,365
120,data_full_half_hourly_raw_v0_1_US-Goo.csv,29443874,US,US-Goo,68064,GRA,Temperate,5/7/2002 0:00,12/31/2006 23:30,1418
121,data_full_half_hourly_raw_v0_1_US-Wi2.csv,1369401,US,US-Wi2,3456,ENF,Cold,5/23/2003 0:00,12/31/2003 23:30,72
122,data_full_half_hourly_raw_v0_1_CN-Cha.csv,17125630,CN,CN-Cha,43680,MF,Cold,1/1/2003 0:00,12/4/2005 23:30,910
123,data_full_half_hourly_raw_v0_1_US-Vcp.csv,72934242,US,US-Vcp,174528,ENF,Cold,1/1/2007 0:00,12/31/2017 23:30,3636
124,data_full_half_hourly_raw_v0_1_AU-ASM.csv,32588027,AU,AU-ASM,74496,SAV,Arid,9/3/2010 0:00,12/31/2014 23:30,1552
125,data_full_half_hourly_raw_v0_1_US-Dk3.csv,49651642,US,US-Dk3,121200,ENF,Temperate,5/2/2001 0:00,12/31/2008 23:30,2525
126,data_full_half_hourly_raw_v0_1_CN-Ha2.csv,18870779,CN,CN-Ha2,45792,WET,Cold,1/15/2003 0:00,12/31/2005 23:30,954
127,data_full_half_hourly_raw_v0_1_CA-WP1.csv,43939582,CA,CA-WP1,107520,WET,Cold,8/1/2003 0:00,9/30/2009 23:30,2240
128,data_full_half_hourly_raw_v0_1_US-FR2.csv,29333731,US,US-FR2,65520,WSA,Temperate,1/1/2005 0:00,12/31/2008 23:30,1365
129,data_full_half_hourly_raw_v0_1_US-Dk2.csv,53664947,US,US-Dk2,126336,DBF,Temperate,5/19/2001 0:00,12/31/2008 23:30,2632
130,data_full_half_hourly_raw_v0_1_AU-Ade.csv,10951700,AU,AU-Ade,26640,WSA,Tropical,10/17/2007 0:00,5/22/2009 23:30,555
131,data_full_half_hourly_raw_v0_1_DE-Akm.csv,43603944,DE,DE-Akm,108432,WET,Cold,11/1/2009 0:00,10/3/2020 23:30,2259
132,data_full_half_hourly_raw_v0_1_FR-FBn.csv,92065342,FR,FR-FBn,220560,MF,Temperate,1/15/2008 0:00,12/31/2020 23:30,4595
133,data_full_half_hourly_raw_v0_1_US-Pnp.csv,9484878,US,US-Pnp,25968,WAT,Cold,6/24/2016 0:00,12/31/2017 23:30,541
134,data_full_half_hourly_raw_v0_1_US-Wi3.csv,9301876,US,US-Wi3,21360,DBF,Cold,5/8/2002 0:00,12/12/2004 23:30,445
135,data_full_half_hourly_raw_v0_1_AU-Lox.csv,5581061,AU,AU-Lox,14064,DBF,Arid,8/20/2008 0:00,6/8/2009 23:30,293
136,data_full_half_hourly_raw_v0_1_FR-LBr.csv,76748750,FR,FR-LBr,182064,ENF,Temperate,7/12/1996 0:00,12/31/2008 23:30,3793
137,data_full_half_hourly_raw_v0_1_SE-Ros.csv,47093878,SE,SE-Ros,111216,ENF,Cold,7/23/2014 0:00,12/31/2020 23:30,2317
138,data_full_half_hourly_raw_v0_1_CA-Man.csv,65773410,CA,CA-Man,180576,ENF,Cold,4/11/1994 0:00,11/4/2008 23:30,3762
139,data_full_half_hourly_raw_v0_1_DE-Gri.csv,120679560,DE,DE-Gri,283536,GRA,Cold,1/1/2004 0:00,12/31/2020 23:30,5907
140,data_full_half_hourly_raw_v0_1_US-Ro5.csv,7224928,US,US-Ro5,17520,CRO,Cold,1/1/2017 0:00,12/31/2017 23:30,365
141,data_full_half_hourly_raw_v0_1_CA-Cbo.csv,94426217,CA,CA-Cbo,238944,DBF,Cold,12/26/1997 0:00,12/31/2014 23:30,4978
142,data_full_half_hourly_raw_v0_1_US-IB2.csv,53795158,US,US-IB2,124560,GRA,Cold,10/7/2004 0:00,12/31/2011 23:30,2595
143,data_full_half_hourly_raw_v0_1_AU-Wom.csv,36264406,AU,AU-Wom,83856,EBF,Temperate,1/23/2010 0:00,12/31/2014 23:30,1747
144,data_full_half_hourly_raw_v0_1_US-Wi1.csv,2841430,US,US-Wi1,7008,DBF,Cold,5/24/2003 0:00,12/8/2003 23:30,146
145,data_full_half_hourly_raw_v0_1_DE-Geb.csv,151108450,DE,DE-Geb,346656,CRO,Cold,1/17/2001 0:00,12/31/2020 23:30,7222
146,data_full_half_hourly_raw_v0_1_US-Twt.csv,40246042,US,US-Twt,88848,CRO,Temperate,4/4/2009 0:00,12/31/2014 23:30,1851
147,data_full_half_hourly_raw_v0_1_BR-Sa3.csv,22957962,BR,BR-Sa3,62352,EBF,Tropical,6/30/2000 0:00,3/13/2004 23:30,1299
148,data_full_half_hourly_raw_v0_1_SD-Dem.csv,17224643,SD,SD-Dem,38832,SAV,Arid,1/30/2005 0:00,12/1/2009 23:30,809
149,data_full_half_hourly_raw_v0_1_CA-WP3.csv,7206117,CA,CA-WP3,17184,WET,Cold,5/15/2004 0:00,10/16/2006 23:30,358
150,data_full_half_hourly_raw_v0_1_ES-Amo.csv,35999834,ES,ES-Amo,78576,OSH,Arid,7/3/2007 0:00,12/31/2012 23:30,1637
151,data_full_half_hourly_raw_v0_1_US-OWC.csv,4547681,US,US-OWC,12144,WET,Cold,7/18/2015 0:00,10/21/2016 23:30,253
152,data_full_half_hourly_raw_v0_1_DE-Hte.csv,59752741,DE,DE-Hte,141696,WET,Temperate,1/1/2009 0:00,12/1/2018 23:30,2952
153,data_full_half_hourly_raw_v0_1_US-Dk1.csv,49402459,US,US-Dk1,115104,GRA,Temperate,5/2/2001 0:00,12/31/2008 23:30,2398
154,data_full_half_hourly_raw_v0_1_CA-WP2.csv,9330219,CA,CA-WP2,22464,WET,Cold,5/1/2004 0:00,10/31/2006 23:30,468
155,data_full_half_hourly_raw_v0_1_US-Tw4.csv,27778176,US,US-Tw4,59808,WET,Temperate,11/27/2013 0:00,12/31/2017 23:30,1246
156,data_full_half_hourly_raw_v0_1_AU-Fog.csv,19426192,AU,AU-Fog,45264,WET,Tropical,2/7/2006 0:00,10/31/2008 23:30,943
157,data_full_half_hourly_raw_v0_1_CA-Qfo.csv,52802868,CA,CA-Qfo,121104,ENF,Cold,8/31/2003 0:00,12/31/2010 23:30,2523
158,data_full_half_hourly_raw_v0_1_US-Wi0.csv,4200221,US,US-Wi0,10272,ENF,Cold,4/27/2002 0:00,12/14/2002 23:30,214
159,data_full_half_hourly_raw_v0_1_US-Rws.csv,24758556,US,US-Rws,55200,OSH,Arid,10/3/2014 0:00,12/31/2017 23:30,1150
160,data_full_half_hourly_raw_v0_1_US-Ro4.csv,28134410,US,US-Ro4,62592,GRA,Cold,1/1/2014 0:00,12/31/2017 23:30,1304
161,data_full_half_hourly_raw_v0_1_IT-SRo.csv,94044761,IT,IT-SRo,218544,ENF,Temperate,1/1/1999 0:00,12/31/2012 23:30,4553
162,data_full_half_hourly_raw_v0_1_NL-Loo.csv,144465890,NL,NL-Loo,353760,ENF,Temperate,7/22/1996 0:00,9/11/2018 23:30,7370
163,data_full_half_hourly_raw_v0_1_US-Wi4.csv,13707542,US,US-Wi4,31296,ENF,Cold,5/8/2002 0:00,11/7/2005 23:30,652
164,data_full_half_hourly_raw_v0_1_US-GLE.csv,66578575,US,US-GLE,156672,ENF,Cold,4/25/2005 0:00,12/31/2014 23:30,3264
165,data_full_half_hourly_raw_v0_1_ES-LgS.csv,19346555,ES,ES-LgS,43728,OSH,Cold,1/1/2007 0:00,12/31/2009 23:30,911
166,data_full_half_hourly_raw_v0_1_AU-Ync.csv,11644158,AU,AU-Ync,26592,GRA,Arid,10/25/2012 0:00,12/31/2014 23:30,554
167,data_full_half_hourly_raw_v0_1_AU-Wac.csv,21467041,AU,AU-Wac,49392,EBF,Temperate,8/26/2005 0:00,12/31/2008 23:30,1029
168,data_full_half_hourly_raw_v0_1_IT-CA3.csv,21222752,IT,IT-CA3,46512,DBF,Temperate,11/14/2011 0:00,11/30/2014 23:30,969
169,data_full_half_hourly_raw_v0_1_AU-Cpr.csv,31569504,AU,AU-Cpr,72384,SAV,Arid,8/1/2010 0:00,12/31/2014 23:30,1508
170,data_full_half_hourly_raw_v0_1_CN-Dan.csv,12822510,CN,CN-Dan,33600,GRA,Arid,1/14/2004 0:00,12/31/2005 23:30,700
171,data_full_half_hourly_raw_v0_1_BE-Maa.csv,33614924,BE,BE-Maa,80736,CSH,Temperate,1/1/2016 0:00,12/31/2020 23:30,1682
172,data_full_half_hourly_raw_v0_1_ES-Cnd.csv,29195813,ES,ES-Cnd,69456,EBF,Arid,11/28/2014 0:00,12/31/2020 23:30,1447
173,data_full_half_hourly_raw_v0_1_FR-Fon.csv,109981671,FR,FR-Fon,262224,DBF,Temperate,3/11/2005 0:00,12/31/2020 23:30,5463
174,data_full_half_hourly_raw_v0_1_CZ-Lnz.csv,42122333,CZ,CZ-Lnz,102384,DBF,Cold,1/1/2015 0:00,12/31/2020 23:30,2133
175,data_full_half_hourly_raw_v0_1_FI-Var.csv,36525144,FI,FI-Var,86544,ENF,Cold,1/1/2016 0:00,12/31/2020 23:30,1803
176,data_full_half_hourly_raw_v0_1_ES-Abr.csv,40330319,ES,ES-Abr,88656,WSA,Temperate,11/5/2015 0:00,12/31/2020 23:30,1847
177,data_full_half_hourly_raw_v0_1_IT-Lsn.csv,36898890,IT,IT-Lsn,82656,OSH,Temperate,1/1/2016 0:00,12/31/2020 23:30,1722
178,data_full_half_hourly_raw_v0_1_US-Ses.csv,83255223,US,US-Ses,190272,OSH,Arid,1/1/2007 0:00,12/31/2017 23:30,3964
179,data_full_half_hourly_raw_v0_1_IT-Ro2.csv,71813758,IT,IT-Ro2,159792,DBF,Temperate,1/1/2002 0:00,12/31/2012 23:30,3329
180,data_full_half_hourly_raw_v0_1_US-Tw1.csv,33160645,US,US-Tw1,76992,WET,Temperate,4/12/2011 0:00,10/26/2017 23:30,1604
181,data_full_half_hourly_raw_v0_1_AU-Stp.csv,43106187,AU,AU-Stp,100176,GRA,Arid,8/28/2008 0:00,12/31/2014 23:30,2087
182,data_full_half_hourly_raw_v0_1_US-SRM.csv,85092857,US,US-SRM,190752,WSA,Arid,1/1/2004 0:00,12/31/2014 23:30,3974
183,data_full_half_hourly_raw_v0_1_IT-CA2.csv,24775848,IT,IT-CA2,55536,CRO,Temperate,7/13/2011 0:00,12/17/2014 23:30,1157
184,data_full_half_hourly_raw_v0_1_ES-LJu.csv,111661016,ES,ES-LJu,239616,OSH,Temperate,5/26/2004 0:00,12/31/2020 23:30,4992
185,data_full_half_hourly_raw_v0_1_US-Wi5.csv,4352301,US,US-Wi5,11376,ENF,Cold,4/20/2004 0:00,12/12/2004 23:30,237
186,data_full_half_hourly_raw_v0_1_CA-Ca1.csv,79117148,CA,CA-Ca1,213456,ENF,Temperate,10/25/1997 0:00,12/31/2010 23:30,4447
187,data_full_half_hourly_raw_v0_1_US-Ro1.csv,101478293,US,US-Ro1,223200,CRO,Cold,1/1/2004 0:00,12/31/2016 23:30,4650
188,data_full_half_hourly_raw_v0_1_US-WPT.csv,21531652,US,US-WPT,52608,WET,Cold,1/1/2011 0:00,12/31/2013 23:30,1096
189,data_full_half_hourly_raw_v0_1_CA-Ca3.csv,71789813,CA,CA-Ca3,162480,ENF,Temperate,9/14/2001 0:00,12/31/2010 23:30,3385
190,data_full_half_hourly_raw_v0_1_FR-Lam.csv,116021526,FR,FR-Lam,259296,CRO,Temperate,3/13/2005 0:00,12/31/2020 23:30,5402
191,data_full_half_hourly_raw_v0_1_US-Wi7.csv,3150051,US,US-Wi7,8112,OSH,Cold,5/23/2005 0:00,11/7/2005 23:30,169
192,data_full_half_hourly_raw_v0_1_CA-Obs.csv,79761143,CA,CA-Obs,199968,ENF,Cold,4/24/1999 0:00,12/31/2010 23:30,4166
193,data_full_half_hourly_raw_v0_1_GL-ZaF.csv,8659173,GL,GL-ZaF,20400,WET,Polar,4/13/2008 0:00,10/29/2011 23:30,425
194,data_full_half_hourly_raw_v0_1_US-Tw3.csv,9430179,US,US-Tw3,22704,CRO,Temperate,5/24/2013 0:00,12/31/2014 23:30,473
195,data_full_half_hourly_raw_v0_1_FI-Sii.csv,33630964,FI,FI-Sii,83808,GRA,Cold,2/26/2016 0:00,12/31/2020 23:30,1746
196,data_full_half_hourly_raw_v0_1_DE-Zrk.csv,11567690,DE,DE-Zrk,28608,WET,Cold,5/15/2013 0:00,12/31/2014 23:30,596
197,data_full_half_hourly_raw_v0_1_DE-HoH.csv,43995285,DE,DE-HoH,104736,DBF,Cold,1/1/2015 0:00,12/31/2020 23:30,2182
198,data_full_half_hourly_raw_v0_1_US-Atq.csv,34451188,US,US-Atq,82512,WET,Polar,4/5/2003 0:00,10/1/2008 23:30,1719
199,data_full_half_hourly_raw_v0_1_US-Seg.csv,80288925,US,US-Seg,183984,GRA,Arid,1/1/2007 0:00,12/31/2017 23:30,3833
200,data_full_half_hourly_raw_v0_1_CZ-KrP.csv,53551679,CZ,CZ-KrP,122736,CRO,Cold,1/1/2014 0:00,12/31/2020 23:30,2557
201,data_full_half_hourly_raw_v0_1_IT-BFt.csv,14513933,IT,IT-BFt,35088,DBF,Temperate,1/1/2019 0:00,12/31/2020 23:30,731
202,data_full_half_hourly_raw_v0_1_IT-Ro1.csv,55880062,IT,IT-Ro1,134832,DBF,Temperate,5/14/2000 0:00,12/31/2008 23:30,2809
203,data_full_half_hourly_raw_v0_1_CH-Fru.csv,108832836,CH,CH-Fru,253296,GRA,Cold,8/7/2005 0:00,12/31/2020 23:30,5277
204,data_full_half_hourly_raw_v0_1_US-Tw2.csv,7043481,US,US-Tw2,16896,CRO,Temperate,5/22/2012 0:00,5/8/2013 23:30,352
205,data_full_half_hourly_raw_v0_1_IT-CA1.csv,24966376,IT,IT-CA1,56016,DBF,Temperate,6/8/2011 0:00,12/17/2014 23:30,1167
206,data_full_half_hourly_raw_v0_1_IT-Col.csv,87685457,IT,IT-Col,212976,DBF,Cold,6/24/1996 0:00,12/31/2014 23:30,4437
207,data_full_half_hourly_raw_v0_1_US-Whs.csv,59177837,US,US-Whs,131616,OSH,Arid,6/30/2007 0:00,12/31/2014 23:30,2742
208,data_full_half_hourly_raw_v0_1_US-Wi6.csv,4035924,US,US-Wi6,9888,OSH,Cold,5/6/2002 0:00,9/8/2003 23:30,206
209,data_full_half_hourly_raw_v0_1_CA-Ca2.csv,48584140,CA,CA-Ca2,110352,ENF,Temperate,1/23/2001 0:00,12/31/2010 23:30,2299
210,data_full_half_hourly_raw_v0_1_SJ-Adv.csv,7707039,SJ,SJ-Adv,18720,WET,Polar,7/17/2012 0:00,12/31/2014 23:30,390
211,data_full_half_hourly_raw_v0_1_AU-GWW.csv,12879106,AU,AU-GWW,32640,SAV,Arid,1/1/2013 0:00,12/31/2014 23:30,680
212,data_full_half_hourly_raw_v0_1_DE-Lkb.csv,25490456,DE,DE-Lkb,60432,ENF,Cold,5/1/2009 0:00,12/31/2013 23:30,1259
213,data_full_half_hourly_raw_v0_1_DK-Sor.csv,161166588,DK,DK-Sor,411360,DBF,Cold,6/5/1996 0:00,12/31/2020 23:30,8570
214,data_full_half_hourly_raw_v0_1_DE-RuW.csv,49450745,DE,DE-RuW,119376,ENF,Cold,1/13/2012 0:00,12/31/2020 23:30,2487
215,data_full_half_hourly_raw_v0_1_CA-TP1.csv,57691169,CA,CA-TP1,134448,ENF,Cold,1/6/2003 0:00,12/18/2014 23:30,2801
216,data_full_half_hourly_raw_v0_1_FI-Ken.csv,17845432,FI,FI-Ken,48240,ENF,Cold,1/1/2018 0:00,12/31/2020 23:30,1005
217,data_full_half_hourly_raw_v0_1_AU-TTE.csv,18551559,AU,AU-TTE,42576,GRA,Arid,7/18/2012 0:00,12/31/2014 23:30,887
218,data_full_half_hourly_raw_v0_1_AU-Dry.csv,34886065,AU,AU-Dry,80688,SAV,Tropical,9/1/2008 0:00,12/31/2014 23:30,1681
219,data_full_half_hourly_raw_v0_1_US-Me2.csv,97235990,US,US-Me2,230688,ENF,Cold,1/1/2002 0:00,12/31/2017 23:30,4806
220,data_full_half_hourly_raw_v0_1_FR-Tou.csv,22849769,FR,FR-Tou,52608,GRA,Temperate,1/1/2018 0:00,12/31/2020 23:30,1096
221,data_full_half_hourly_raw_v0_1_AR-Vir.csv,14564015,AR,AR-Vir,33984,ENF,Temperate,2/13/2010 0:00,6/13/2012 23:30,708
222,data_full_half_hourly_raw_v0_1_SE-Htm.csv,45101667,SE,SE-Htm,103488,ENF,Cold,1/1/2015 0:00,12/31/2020 23:30,2156
223,data_full_half_hourly_raw_v0_1_CH-Oe2.csv,122339892,CH,CH-Oe2,294192,CRO,Cold,1/1/2004 0:00,12/31/2020 23:30,6129
224,data_full_half_hourly_raw_v0_1_US-Me3.csv,37505610,US,US-Me3,91200,ENF,Cold,1/1/2004 0:00,9/30/2009 23:30,1900
225,data_full_half_hourly_raw_v0_1_RU-Che.csv,11821876,RU,RU-Che,28656,WET,Cold,7/4/2002 0:00,10/19/2005 23:30,597
226,data_full_half_hourly_raw_v0_1_IT-BCi.csv,113718403,IT,IT-BCi,258720,CRO,Temperate,5/22/2004 0:00,12/31/2020 23:30,5390
227,data_full_half_hourly_raw_v0_1_US-CRT.csv,23551163,US,US-CRT,51936,CRO,Cold,1/1/2011 0:00,12/31/2013 23:30,1082
228,data_full_half_hourly_raw_v0_1_AU-Cum.csv,16483369,AU,AU-Cum,37728,EBF,Temperate,10/19/2012 0:00,12/31/2014 23:30,786
229,data_full_half_hourly_raw_v0_1_US-WCr.csv,77967526,US,US-WCr,190704,DBF,Cold,2/7/1999 0:00,12/31/2014 23:30,3973
230,data_full_half_hourly_raw_v0_1_US-LWW.csv,9973950,US,US-LWW,32736,GRA,Temperate,1/12/1997 0:00,12/31/1998 23:30,682
231,data_full_half_hourly_raw_v0_1_BE-Lon.csv,124896248,BE,BE-Lon,290880,CRO,Temperate,4/1/2004 0:00,12/31/2020 23:30,6060
232,data_full_half_hourly_raw_v0_1_CG-Tch.csv,15849185,CG,CG-Tch,45984,SAV,Tropical,7/4/2006 0:00,12/31/2009 23:30,958
233,data_full_half_hourly_raw_v0_1_US-Los.csv,59962082,US,US-Los,141168,WET,Cold,9/11/2000 0:00,12/31/2014 23:30,2941
234,data_full_half_hourly_raw_v0_1_FR-Bil.csv,51091184,FR,FR-Bil,111216,ENF,Temperate,7/14/2014 0:00,12/31/2020 23:30,2317
235,data_full_half_hourly_raw_v0_1_CA-TPD.csv,21655813,CA,CA-TPD,50592,DBF,Cold,1/1/2012 0:00,12/18/2014 23:30,1054
236,data_full_half_hourly_raw_v0_1_CA-TP2.csv,17185447,CA,CA-TP2,40464,ENF,Cold,7/26/2002 0:00,10/28/2007 23:30,843
237,data_full_half_hourly_raw_v0_1_BE-Dor.csv,66706712,BE,BE-Dor,167568,GRA,Temperate,1/1/2011 0:00,12/31/2020 23:30,3491
238,data_full_half_hourly_raw_v0_1_FR-Hes.csv,54128991,FR,FR-Hes,121536,DBF,Temperate,1/1/2014 0:00,12/31/2020 23:30,2532
239,data_full_half_hourly_raw_v0_1_US-ARc.csv,11913122,US,US-ARc,28944,GRA,Temperate,3/8/2005 0:00,10/31/2006 23:30,603
240,data_full_half_hourly_raw_v0_1_US-Me1.csv,5937532,US,US-Me1,14688,ENF,Cold,6/16/2004 0:00,5/15/2005 23:30,306
241,data_full_half_hourly_raw_v0_1_IT-Noe.csv,74086811,IT,IT-Noe,163584,CSH,Temperate,4/7/2004 0:00,10/11/2014 23:30,3408
242,data_full_half_hourly_raw_v0_1_JP-MBF.csv,11277637,JP,JP-MBF,27984,DBF,Cold,4/16/2004 0:00,12/31/2005 23:30,583
243,data_full_half_hourly_raw_v0_1_MY-PSO.csv,42635055,MY,MY-PSO,107472,EBF,Tropical,1/1/2003 0:00,12/31/2009 23:30,2239
244,data_full_half_hourly_raw_v0_1_CH-Oe1.csv,46994271,CH,CH-Oe1,114672,GRA,Cold,1/30/2002 0:00,12/31/2008 23:30,2389
245,data_full_half_hourly_raw_v0_1_US-ARb.csv,11547538,US,US-ARb,28032,GRA,Temperate,3/10/2005 0:00,10/31/2006 23:30,584
246,data_full_half_hourly_raw_v0_1_US-Fmf.csv,39307470,US,US-Fmf,88848,ENF,Cold,7/30/2005 0:00,12/31/2010 23:30,1851
247,data_full_half_hourly_raw_v0_1_CA-TP3.csv,66512353,CA,CA-TP3,157152,ENF,Cold,8/13/2002 0:00,12/18/2014 23:30,3274
248,data_full_half_hourly_raw_v0_1_US-Bar.csv,85196427,US,US-Bar,206304,DBF,Cold,1/1/2005 0:00,12/31/2017 23:30,4298
249,data_full_half_hourly_raw_v0_1_FI-Lom.csv,21692771,FI,FI-Lom,52128,WET,Cold,1/1/2007 0:00,12/31/2009 23:30,1086
250,data_full_half_hourly_raw_v0_1_CA-Qc2.csv,19285210,CA,CA-Qc2,42672,MF,Cold,10/1/2007 0:00,11/28/2010 23:30,889
251,data_full_half_hourly_raw_v0_1_ES-LM2.csv,52203259,ES,ES-LM2,117408,WSA,Arid,3/15/2014 0:00,12/31/2020 23:30,2446
252,data_full_half_hourly_raw_v0_1_RU-Fyo.csv,149557583,RU,RU-Fyo,361824,ENF,Cold,7/7/1998 0:00,12/31/2020 23:30,7538
253,data_full_half_hourly_raw_v0_1_SE-Svb.csv,39241279,SE,SE-Svb,92400,ENF,Cold,4/4/2014 0:00,12/31/2020 23:30,1925
254,data_full_half_hourly_raw_v0_1_FI-Jok.csv,22785889,FI,FI-Jok,54336,CRO,Cold,1/28/2000 0:00,9/5/2003 23:30,1132
255,data_full_half_hourly_raw_v0_1_US-Me4.csv,13324125,US,US-Me4,41184,ENF,Cold,5/22/1996 0:00,11/3/2000 23:30,858
256,data_full_half_hourly_raw_v0_1_ZM-Mon.csv,14299128,ZM,ZM-Mon,32016,DBF,Temperate,3/2/2000 0:00,7/22/2009 23:30,667
257,data_full_half_hourly_raw_v0_1_FR-Aur.csv,121682635,FR,FR-Aur,269904,CRO,Temperate,3/13/2005 0:00,12/31/2020 23:30,5623
258,data_full_half_hourly_raw_v0_1_RU-Ha1.csv,12717047,RU,RU-Ha1,28848,GRA,Cold,6/29/2002 0:00,12/12/2004 23:30,601
259,data_full_half_hourly_raw_v0_1_US-Me5.csv,17858240,US,US-Me5,44976,ENF,Cold,4/4/2000 0:00,12/31/2002 23:30,937
260,data_full_half_hourly_raw_v0_1_US-AR1.csv,26733029,US,US-AR1,58848,GRA,Temperate,4/30/2009 0:00,12/31/2012 23:30,1226
261,data_full_half_hourly_raw_v0_1_CH-Dav.csv,171198408,CH,CH-Dav,415968,ENF,Cold,1/1/1997 0:00,12/31/2020 23:30,8666
262,data_full_half_hourly_raw_v0_1_PA-SPs.csv,17543043,PA,PA-SPs,46608,GRA,Tropical,3/22/2007 0:00,12/31/2009 23:30,971
263,data_full_half_hourly_raw_v0_1_FR-EM2.csv,12403011,FR,FR-EM2,34128,CRO,Temperate,1/1/2017 0:00,12/31/2018 23:30,711
264,data_full_half_hourly_raw_v0_1_CA-TP4.csv,111371537,CA,CA-TP4,255744,ENF,Cold,4/12/2003 0:00,12/31/2017 23:30,5328
265,data_full_half_hourly_raw_v0_1_DE-RuR.csv,73696557,DE,DE-RuR,167328,GRA,Cold,5/14/2011 0:00,12/31/2020 23:30,3486
266,data_full_half_hourly_raw_v0_1_ES-LM1.csv,53061973,ES,ES-LM1,119232,WSA,Arid,3/15/2014 0:00,12/31/2020 23:30,2484
267,data_full_half_hourly_raw_v0_1_SE-Nor.csv,51766595,SE,SE-Nor,120768,ENF,Cold,1/1/2014 0:00,12/31/2020 23:30,2516
268,data_full_half_hourly_raw_v0_1_CN-Cng.csv,25783540,CN,CN-Cng,57264,GRA,Cold,5/22/2007 0:00,10/1/2010 23:30,1193
269,data_full_half_hourly_raw_v0_1_DE-Seh.csv,25670914,DE,DE-Seh,58608,CRO,Temperate,5/26/2007 0:00,10/13/2010 23:30,1221
270,data_full_half_hourly_raw_v0_1_US-Me6.csv,27986548,US,US-Me6,66672,ENF,Cold,6/5/2010 0:00,12/31/2014 23:30,1389
271,data_full_half_hourly_raw_v0_1_US-Fuf.csv,38361718,US,US-Fuf,86544,ENF,Cold,9/8/2005 0:00,12/31/2010 23:30,1803
272,data_full_half_hourly_raw_v0_1_US-AR2.csv,23968969,US,US-AR2,52416,GRA,Temperate,4/30/2009 0:00,8/2/2012 23:30,1092
273,data_full_half_hourly_raw_v0_1_US-Ho1.csv,117848581,US,US-Ho1,324000,ENF,Cold,1/31/1996 0:00,6/30/2018 23:30,6750
274,data_full_half_hourly_raw_v0_1_DE-RuS.csv,68115777,DE,DE-RuS,151584,CRO,Temperate,4/29/2011 0:00,12/31/2020 23:30,3158
275,data_full_half_hourly_raw_v0_1_IT-Cpz.csv,58112038,IT,IT-Cpz,132720,EBF,Temperate,3/21/2000 0:00,12/9/2008 23:30,2765
